"Timestamp","Actual_SupportPhase","Target_SupportPhase"
0.001,0,3
0.002,2,3
0.003,2,3
0.004,2,3
0.005,2,3
0.006,2,3
0.007,2,3
0.008,2,3
0.009,2,3
0.01,2,3
0.011,2,3
0.012,2,3
0.013,2,3
0.014,2,3
0.015,2,3
0.016,2,3
0.017,2,3
0.018,2,3
0.019,2,3
0.02,2,3
0.021,2,3
0.022,2,3
0.023,2,3
0.024,2,3
0.025,2,3
0.026,2,3
0.027,2,3
0.028,2,3
0.029,2,3
0.03,2,3
0.031,2,3
0.032,2,3
0.033,2,3
0.034,2,3
0.035,2,3
0.036,2,3
0.037,2,3
0.038,2,3
0.039,2,3
0.04,2,3
0.041,2,3
0.042,2,3
0.043,2,3
0.044,2,3
0.045,2,3
0.046,2,3
0.047,2,3
0.048,2,3
0.049,3,3
0.05,3,3
0.051,3,3
0.052,3,3
0.053,3,3
0.054,3,3
0.055,3,3
0.056,3,3
0.057,3,3
0.058,3,3
0.059,3,3
0.06,3,3
0.061,3,3
0.062,3,3
0.063,3,3
0.064,3,3
0.065,3,3
0.066,3,3
0.067,3,3
0.068,3,3
0.069,3,3
0.07,3,3
0.071,3,3
0.072,3,3
0.073,3,3
0.074,3,3
0.075,3,3
0.076,3,3
0.077,3,3
0.078,3,3
0.079,3,3
0.08,3,3
0.081,3,3
0.082,1,3
0.083,1,3
0.084,1,3
0.085,1,3
0.086,1,3
0.087,1,3
0.088,1,3
0.089,1,3
0.09,1,3
0.091,1,3
0.092,1,3
0.093,1,3
0.094,1,3
0.095,1,3
0.096,1,3
0.097,1,3
0.098,1,3
0.099,1,3
0.1,1,3
0.101,1,3
0.102,1,3
0.103,1,3
0.104,1,3
0.105,1,3
0.106,1,3
0.107,1,3
0.108,1,3
0.109,1,3
0.11,1,3
0.111,1,3
0.112,1,3
0.113,1,3
0.114,1,3
0.115,1,3
0.116,1,3
0.117,1,3
0.118,1,3
0.119,1,3
0.12,1,3
0.121,1,3
0.122,3,3
0.123,3,3
0.124,3,3
0.125,3,3
0.126,3,3
0.127,3,3
0.128,3,3
0.129,3,3
0.13,3,3
0.131,3,3
0.132,3,3
0.133,3,3
0.134,3,3
0.135,3,3
0.136,3,3
0.137,3,3
0.138,3,3
0.139,3,3
0.14,3,3
0.141,3,3
0.142,3,3
0.143,2,3
0.144,2,3
0.145,2,3
0.146,2,3
0.147,2,3
0.148,2,3
0.149,2,3
0.15,2,3
0.151,2,3
0.152,2,3
0.153,2,3
0.154,2,3
0.155,2,3
0.156,2,3
0.157,2,3
0.158,2,3
0.159,2,3
0.16,2,3
0.161,2,3
0.162,2,3
0.163,2,3
0.164,2,3
0.165,2,3
0.166,2,3
0.167,2,3
0.168,2,3
0.169,2,3
0.17,2,3
0.171,2,3
0.172,2,3
0.173,2,3
0.174,2,3
0.175,2,3
0.176,2,3
0.177,2,3
0.178,2,3
0.179,2,3
0.18,2,3
0.181,2,3
0.182,2,3
0.183,2,3
0.184,2,3
0.185,2,3
0.186,2,3
0.187,2,3
0.188,2,3
0.189,2,3
0.19,2,3
0.191,2,3
0.192,2,3
0.193,2,3
0.194,2,3
0.195,2,3
0.196,3,3
0.197,3,3
0.198,3,3
0.199,3,3
0.2,3,3
0.201,3,3
0.202,3,3
0.203,3,3
0.204,3,3
0.205,3,3
0.206,3,3
0.207,3,3
0.208,3,3
0.209,3,3
0.21,3,3
0.211,3,3
0.212,3,3
0.213,3,3
0.214,3,3
0.215,3,3
0.216,3,3
0.217,3,3
0.218,3,3
0.219,3,3
0.22,3,3
0.221,3,3
0.222,3,3
0.223,3,3
0.224,3,3
0.225,3,3
0.226,3,3
0.227,3,3
0.228,3,3
0.229,3,3
0.23,3,3
0.231,3,3
0.232,3,3
0.233,3,3
0.234,3,3
0.235,3,3
0.236,3,3
0.237,3,3
0.238,3,3
0.239,3,3
0.24,3,3
0.241,3,3
0.242,3,3
0.243,3,3
0.244,3,3
0.245,3,3
0.246,3,3
0.247,3,3
0.248,3,3
0.249,3,3
0.25,3,3
0.251,3,3
0.252,3,3
0.253,3,3
0.254,3,3
0.255,3,3
0.256,3,3
0.257,3,3
0.258,3,3
0.259,3,3
0.26,3,3
0.261,3,3
0.262,3,3
0.263,3,3
0.264,3,3
0.265,3,3
0.266,3,3
0.267,3,3
0.268,3,3
0.269,3,3
0.27,3,3
0.271,3,3
0.272,3,3
0.273,3,3
0.274,3,3
0.275,3,3
0.276,3,3
0.277,3,3
0.278,3,3
0.279,3,3
0.28,3,3
0.281,3,3
0.282,3,3
0.283,3,3
0.284,3,3
0.285,3,3
0.286,3,3
0.287,3,3
0.288,3,3
0.289,3,3
0.29,3,3
0.291,3,3
0.292,3,3
0.293,3,3
0.294,3,3
0.295,3,3
0.296,3,3
0.297,3,3
0.298,3,3
0.299,3,3
0.3,3,3
0.301,3,3
0.302,3,3
0.303,3,3
0.304,3,3
0.305,3,3
0.306,3,3
0.307,3,3
0.308,3,3
0.309,3,3
0.31,3,3
0.311,3,3
0.312,3,3
0.313,3,3
0.314,3,3
0.315,3,3
0.316,3,3
0.317,3,3
0.318,3,3
0.319,3,3
0.32,3,3
0.321,3,3
0.322,3,3
0.323,3,3
0.324,3,3
0.325,3,3
0.326,3,3
0.327,3,3
0.328,3,3
0.329,3,3
0.33,3,3
0.331,3,3
0.332,3,3
0.333,3,3
0.334,3,3
0.335,3,3
0.336,3,3
0.337,3,3
0.338,3,3
0.339,3,3
0.34,3,3
0.341,3,3
0.342,3,3
0.343,3,3
0.344,3,3
0.345,3,3
0.346,3,3
0.347,3,3
0.348,3,3
0.349,3,3
0.35,3,3
0.351,3,3
0.352,3,3
0.353,3,3
0.354,3,3
0.355,3,3
0.356,3,3
0.357,3,3
0.358,3,3
0.359,3,3
0.36,3,3
0.361,3,3
0.362,3,3
0.363,3,3
0.364,3,3
0.365,3,3
0.366,3,3
0.367,3,3
0.368,3,3
0.369,3,3
0.37,3,3
0.371,3,3
0.372,3,3
0.373,3,3
0.374,3,3
0.375,3,3
0.376,3,3
0.377,3,3
0.378,3,3
0.379,3,3
0.38,3,3
0.381,3,3
0.382,3,3
0.383,3,3
0.384,3,3
0.385,3,3
0.386,3,3
0.387,3,3
0.388,3,3
0.389,3,3
0.39,3,3
0.391,3,3
0.392,3,3
0.393,3,3
0.394,3,3
0.395,3,3
0.396,3,3
0.397,3,3
0.398,3,3
0.399,3,3
0.4,3,3
0.401,3,3
0.402,3,3
0.403,3,3
0.404,3,3
0.405,3,3
0.406,3,3
0.407,3,3
0.408,3,3
0.409,3,3
0.41,3,3
0.411,3,3
0.412,3,3
0.413,3,3
0.414,3,3
0.415,3,3
0.416,3,3
0.417,3,3
0.418,3,3
0.419,3,3
0.42,3,3
0.421,3,3
0.422,3,3
0.423,3,3
0.424,3,3
0.425,3,3
0.426,3,3
0.427,3,3
0.428,3,3
0.429,3,3
0.43,3,3
0.431,3,3
0.432,3,3
0.433,3,3
0.434,3,3
0.435,3,3
0.436,3,3
0.437,3,3
0.438,3,3
0.439,3,3
0.44,3,3
0.441,3,3
0.442,3,3
0.443,3,3
0.444,3,3
0.445,3,3
0.446,3,3
0.447,3,3
0.448,3,3
0.449,3,3
0.45,3,3
0.451,3,3
0.452,3,3
0.453,3,3
0.454,3,3
0.455,3,3
0.456,3,3
0.457,3,3
0.458,3,3
0.459,3,3
0.46,3,3
0.461,3,3
0.462,3,3
0.463,3,3
0.464,3,3
0.465,3,3
0.466,3,3
0.467,3,3
0.468,3,3
0.469,3,3
0.47,3,3
0.471,3,3
0.472,3,3
0.473,3,3
0.474,3,3
0.475,3,3
0.476,3,3
0.477,3,3
0.478,3,3
0.479,3,3
0.48,3,3
0.481,3,3
0.482,3,3
0.483,3,3
0.484,3,3
0.485,3,3
0.486,3,3
0.487,3,3
0.488,3,3
0.489,3,3
0.49,3,3
0.491,3,3
0.492,3,3
0.493,3,3
0.494,3,3
0.495,3,3
0.496,3,3
0.497,3,3
0.498,3,3
0.499,3,3
0.5,3,3
0.501,3,3
0.502,3,3
0.503,3,3
0.504,3,3
0.505,3,3
0.506,3,3
0.507,3,3
0.508,3,3
0.509,3,3
0.51,3,3
0.511,3,3
0.512,3,3
0.513,3,3
0.514,3,3
0.515,3,3
0.516,3,3
0.517,3,3
0.518,3,3
0.519,3,3
0.52,3,3
0.521,3,3
0.522,3,3
0.523,3,3
0.524,3,3
0.525,3,3
0.526,3,3
0.527,3,3
0.528,3,3
0.529,3,3
0.53,3,3
0.531,3,3
0.532,3,3
0.533,3,3
0.534,3,3
0.535,3,3
0.536,3,3
0.537,3,3
0.538,3,3
0.539,3,3
0.54,3,3
0.541,3,3
0.542,3,3
0.543,3,3
0.544,3,3
0.545,3,3
0.546,3,3
0.547,3,3
0.548,3,3
0.549,3,3
0.55,3,3
0.551,3,3
0.552,3,3
0.553,3,3
0.554,3,3
0.555,3,3
0.556,3,3
0.557,3,3
0.558,3,3
0.559,3,3
0.56,3,3
0.561,3,3
0.562,3,3
0.563,3,3
0.564,3,3
0.565,3,3
0.566,3,3
0.567,3,3
0.568,3,3
0.569,3,3
0.57,3,3
0.571,3,3
0.572,3,3
0.573,3,3
0.574,3,3
0.575,3,3
0.576,3,3
0.577,3,3
0.578,3,3
0.579,3,3
0.58,3,3
0.581,3,3
0.582,3,3
0.583,3,3
0.584,3,3
0.585,3,3
0.586,3,3
0.587,3,3
0.588,3,3
0.589,3,3
0.59,3,3
0.591,3,3
0.592,3,3
0.593,3,3
0.594,3,3
0.595,3,3
0.596,3,3
0.597,3,3
0.598,3,3
0.599,3,3
0.6,3,3
0.601,3,3
0.602,3,3
0.603,3,3
0.604,3,3
0.605,3,3
0.606,3,3
0.607,3,3
0.608,3,3
0.609,3,3
0.61,3,3
0.611,3,3
0.612,3,3
0.613,3,3
0.614,3,3
0.615,3,3
0.616,3,3
0.617,3,3
0.618,3,3
0.619,3,3
0.62,3,3
0.621,3,3
0.622,3,3
0.623,3,3
0.624,3,3
0.625,3,3
0.626,3,3
0.627,3,3
0.628,3,3
0.629,3,3
0.63,3,3
0.631,3,3
0.632,3,3
0.633,3,3
0.634,3,3
0.635,3,3
0.636,3,3
0.637,3,3
0.638,3,3
0.639,3,3
0.64,3,3
0.641,3,3
0.642,3,3
0.643,3,3
0.644,3,3
0.645,3,3
0.646,3,3
0.647,3,3
0.648,3,3
0.649,3,3
0.65,3,3
0.651,3,3
0.652,3,3
0.653,3,3
0.654,3,3
0.655,3,3
0.656,3,3
0.657,3,3
0.658,3,3
0.659,3,3
0.66,3,3
0.661,3,3
0.662,3,3
0.663,3,3
0.664,3,3
0.665,3,3
0.666,3,3
0.667,3,3
0.668,3,3
0.669,3,3
0.67,3,3
0.671,3,3
0.672,3,3
0.673,3,3
0.674,3,3
0.675,3,3
0.676,3,3
0.677,3,3
0.678,3,3
0.679,3,3
0.68,3,3
0.681,3,3
0.682,3,3
0.683,3,3
0.684,3,3
0.685,3,3
0.686,3,3
0.687,3,3
0.688,3,3
0.689,3,3
0.69,3,3
0.691,3,3
0.692,3,3
0.693,3,3
0.694,3,3
0.695,3,3
0.696,3,3
0.697,3,3
0.698,3,3
0.699,3,3
0.7,3,3
0.701,3,3
0.702,3,3
0.703,3,3
0.704,3,3
0.705,3,3
0.706,3,3
0.707,3,3
0.708,3,3
0.709,3,3
0.71,3,3
0.711,3,3
0.712,3,3
0.713,3,3
0.714,3,3
0.715,3,3
0.716,3,3
0.717,3,3
0.718,3,3
0.719,3,3
0.72,3,3
0.721,3,3
0.722,3,3
0.723,3,3
0.724,3,3
0.725,3,3
0.726,3,3
0.727,3,3
0.728,3,3
0.729,3,3
0.73,3,3
0.731,3,3
0.732,3,3
0.733,3,3
0.734,3,3
0.735,3,3
0.736,3,3
0.737,3,3
0.738,3,3
0.739,3,3
0.74,3,3
0.741,3,3
0.742,3,3
0.743,3,3
0.744,3,3
0.745,3,3
0.746,3,3
0.747,3,3
0.748,3,3
0.749,3,3
0.75,3,3
0.751,3,3
0.752,3,3
0.753,3,3
0.754,3,3
0.755,3,3
0.756,3,3
0.757,3,3
0.758,3,3
0.759,3,3
0.76,3,3
0.761,3,3
0.762,3,3
0.763,3,3
0.764,3,3
0.765,3,3
0.766,3,3
0.767,3,3
0.768,3,3
0.769,3,3
0.77,3,3
0.771,3,3
0.772,3,3
0.773,3,3
0.774,3,3
0.775,3,3
0.776,3,3
0.777,3,3
0.778,3,3
0.779,3,3
0.78,3,3
0.781,3,3
0.782,3,3
0.783,3,3
0.784,3,3
0.785,3,3
0.786,3,3
0.787,3,3
0.788,3,3
0.789,3,3
0.79,3,3
0.791,3,3
0.792,3,3
0.793,3,3
0.794,3,3
0.795,3,3
0.796,3,3
0.797,3,3
0.798,3,3
0.799,3,3
0.8,3,3
0.801,3,3
0.802,3,3
0.803,3,3
0.804,3,3
0.805,3,3
0.806,3,3
0.807,3,3
0.808,3,3
0.809,3,3
0.81,3,3
0.811,3,3
0.812,3,3
0.813,3,3
0.814,3,3
0.815,3,3
0.816,3,3
0.817,3,3
0.818,3,3
0.819,3,3
0.82,3,3
0.821,3,3
0.822,3,3
0.823,3,3
0.824,3,3
0.825,3,3
0.826,3,3
0.827,3,3
0.828,3,3
0.829,3,3
0.83,3,3
0.831,3,3
0.832,3,3
0.833,3,3
0.834,3,3
0.835,3,3
0.836,3,3
0.837,3,3
0.838,3,3
0.839,3,3
0.84,3,3
0.841,3,3
0.842,3,3
0.843,3,3
0.844,3,3
0.845,3,3
0.846,3,3
0.847,3,3
0.848,3,3
0.849,3,3
0.85,3,3
0.851,3,3
0.852,3,3
0.853,3,3
0.854,3,3
0.855,3,3
0.856,3,3
0.857,3,3
0.858,3,3
0.859,3,3
0.86,3,3
0.861,3,3
0.862,3,3
0.863,3,3
0.864,3,3
0.865,3,3
0.866,3,3
0.867,3,3
0.868,3,3
0.869,3,3
0.87,3,3
0.871,3,3
0.872,3,3
0.873,3,3
0.874,3,3
0.875,3,3
0.876,3,3
0.877,3,3
0.878,3,3
0.879,3,3
0.88,3,3
0.881,3,3
0.882,3,3
0.883,3,3
0.884,3,3
0.885,3,3
0.886,3,3
0.887,3,3
0.888,3,3
0.889,3,3
0.89,3,3
0.891,3,3
0.892,3,3
0.893,3,3
0.894,3,3
0.895,3,3
0.896,3,3
0.897,3,3
0.898,3,3
0.899,3,3
0.9,3,3
0.901,3,3
0.902,3,3
0.903,3,3
0.904,3,3
0.905,3,3
0.906,3,3
0.907,3,3
0.908,3,3
0.909,3,3
0.91,3,3
0.911,3,3
0.912,3,3
0.913,3,3
0.914,3,3
0.915,3,3
0.916,3,3
0.917,3,3
0.918,3,3
0.919,3,3
0.92,3,3
0.921,3,3
0.922,3,3
0.923,3,3
0.924,3,3
0.925,3,3
0.926,3,3
0.927,3,3
0.928,3,3
0.929,3,3
0.93,3,3
0.931,3,3
0.932,3,3
0.933,3,3
0.934,3,3
0.935,3,3
0.936,3,3
0.937,3,3
0.938,3,3
0.939,3,3
0.94,3,3
0.941,3,3
0.942,3,3
0.943,3,3
0.944,3,3
0.945,3,3
0.946,3,3
0.947,3,3
0.948,3,3
0.949,3,3
0.95,3,3
0.951,3,3
0.952,3,3
0.953,3,3
0.954,3,3
0.955,3,3
0.956,3,3
0.957,3,3
0.958,3,3
0.959,3,3
0.96,3,3
0.961,3,3
0.962,3,3
0.963,3,3
0.964,3,3
0.965,3,3
0.966,3,3
0.967,3,3
0.968,3,3
0.969,3,3
0.97,3,3
0.971,3,3
0.972,3,3
0.973,3,3
0.974,3,3
0.975,3,3
0.976,3,3
0.977,3,3
0.978,3,3
0.979,3,3
0.98,3,3
0.981,3,3
0.982,3,3
0.983,3,3
0.984,3,3
0.985,3,3
0.986,3,3
0.987,3,3
0.988,3,3
0.989,3,3
0.99,3,3
0.991,3,3
0.992,3,3
0.993,3,3
0.994,3,3
0.995,3,3
0.996,3,3
0.997,3,3
0.998,3,3
0.999,3,3
1,3,3
1.001,3,3
1.002,3,3
1.003,3,3
1.004,3,3
1.005,3,3
1.006,3,3
1.007,3,3
1.008,3,3
1.009,3,3
1.01,3,3
1.011,3,3
1.012,3,3
1.013,3,3
1.014,3,3
1.015,3,3
1.016,3,3
1.017,3,3
1.018,3,3
1.019,3,3
1.02,3,3
1.021,3,3
1.022,3,3
1.023,3,3
1.024,3,3
1.025,3,3
1.026,3,3
1.027,3,3
1.028,3,3
1.029,3,3
1.03,3,3
1.031,3,3
1.032,3,3
1.033,3,3
1.034,3,3
1.035,3,3
1.036,3,3
1.037,3,3
1.038,3,3
1.039,3,3
1.04,3,3
1.041,3,3
1.042,3,3
1.043,3,3
1.044,3,3
1.045,3,3
1.046,3,3
1.047,3,3
1.048,3,3
1.049,3,3
1.05,3,3
1.051,3,3
1.052,3,3
1.053,3,3
1.054,3,3
1.055,3,3
1.056,3,3
1.057,3,3
1.058,3,3
1.059,3,3
1.06,3,3
1.061,3,3
1.062,3,3
1.063,3,3
1.064,3,3
1.065,3,3
1.066,3,3
1.067,3,3
1.068,3,3
1.069,3,3
1.07,3,3
1.071,3,3
1.072,3,3
1.073,3,3
1.074,3,3
1.075,3,3
1.076,3,3
1.077,3,3
1.078,3,3
1.079,3,3
1.08,3,3
1.081,3,3
1.082,3,3
1.083,3,3
1.084,3,3
1.085,3,3
1.086,3,3
1.087,3,3
1.088,3,3
1.089,3,3
1.09,3,3
1.091,3,3
1.092,3,3
1.093,3,3
1.094,3,3
1.095,3,3
1.096,3,3
1.097,3,3
1.098,3,3
1.099,3,3
1.1,3,3
1.101,3,3
1.102,3,3
1.103,3,3
1.104,3,3
1.105,3,3
1.106,3,3
1.107,3,3
1.108,3,3
1.109,3,3
1.11,3,3
1.111,3,3
1.112,3,3
1.113,3,3
1.114,3,3
1.115,3,3
1.116,3,3
1.117,3,3
1.118,3,3
1.119,3,3
1.12,3,3
1.121,3,3
1.122,3,3
1.123,3,3
1.124,3,3
1.125,3,3
1.126,3,3
1.127,3,3
1.128,3,3
1.129,3,3
1.13,3,3
1.131,3,3
1.132,3,3
1.133,3,3
1.134,3,3
1.135,3,3
1.136,3,3
1.137,3,3
1.138,3,3
1.139,3,3
1.14,3,3
1.141,3,3
1.142,3,3
1.143,3,3
1.144,3,3
1.145,3,3
1.146,3,3
1.147,3,3
1.148,3,3
1.149,3,3
1.15,3,3
1.151,3,3
1.152,3,3
1.153,3,3
1.154,3,3
1.155,3,3
1.156,3,3
1.157,3,3
1.158,3,3
1.159,3,3
1.16,3,3
1.161,3,3
1.162,3,3
1.163,3,3
1.164,3,3
1.165,3,3
1.166,3,3
1.167,3,3
1.168,3,3
1.169,3,3
1.17,3,3
1.171,3,3
1.172,3,3
1.173,3,3
1.174,3,3
1.175,3,3
1.176,3,3
1.177,3,3
1.178,3,3
1.179,3,3
1.18,3,3
1.181,3,3
1.182,3,3
1.183,3,3
1.184,3,3
1.185,3,3
1.186,3,3
1.187,3,3
1.188,3,3
1.189,3,3
1.19,3,3
1.191,3,3
1.192,3,3
1.193,3,3
1.194,3,3
1.195,3,3
1.196,3,3
1.197,3,3
1.198,3,3
1.199,3,3
1.2,3,3
1.201,3,3
1.202,3,3
1.203,3,3
1.204,3,3
1.205,3,3
1.206,3,3
1.207,3,3
1.208,3,3
1.209,3,3
1.21,3,3
1.211,3,3
1.212,3,3
1.213,3,3
1.214,3,3
1.215,3,3
1.216,3,3
1.217,3,3
1.218,3,3
1.219,3,3
1.22,3,3
1.221,3,3
1.222,3,3
1.223,3,3
1.224,3,3
1.225,3,3
1.226,3,3
1.227,3,3
1.228,3,3
1.229,3,3
1.23,3,3
1.231,3,3
1.232,3,3
1.233,3,3
1.234,3,3
1.235,3,3
1.236,3,3
1.237,3,3
1.238,3,3
1.239,3,3
1.24,3,3
1.241,3,3
1.242,3,3
1.243,3,3
1.244,3,3
1.245,3,3
1.246,3,3
1.247,3,3
1.248,3,3
1.249,3,3
1.25,3,3
1.251,3,3
1.252,3,3
1.253,3,3
1.254,3,3
1.255,3,3
1.256,3,3
1.257,3,3
1.258,3,3
1.259,3,3
1.26,3,3
1.261,3,3
1.262,3,3
1.263,3,3
1.264,3,3
1.265,3,3
1.266,3,3
1.267,3,3
1.268,3,3
1.269,3,3
1.27,3,3
1.271,3,3
1.272,3,3
1.273,3,3
1.274,3,3
1.275,3,3
1.276,3,3
1.277,3,3
1.278,3,3
1.279,3,3
1.28,3,3
1.281,3,3
1.282,3,3
1.283,3,3
1.284,3,3
1.285,3,3
1.286,3,3
1.287,3,3
1.288,3,3
1.289,3,3
1.29,3,3
1.291,3,3
1.292,3,3
1.293,3,3
1.294,3,3
1.295,3,3
1.296,3,3
1.297,3,3
1.298,3,3
1.299,3,3
1.3,3,3
1.301,3,3
1.302,3,3
1.303,3,3
1.304,3,3
1.305,3,3
1.306,3,3
1.307,3,3
1.308,3,3
1.309,3,3
1.31,3,3
1.311,3,3
1.312,3,3
1.313,3,3
1.314,3,3
1.315,3,3
1.316,3,3
1.317,3,3
1.318,3,3
1.319,3,3
1.32,3,3
1.321,3,3
1.322,3,3
1.323,3,3
1.324,3,3
1.325,3,3
1.326,3,3
1.327,3,3
1.328,3,3
1.329,3,3
1.33,3,3
1.331,3,3
1.332,3,3
1.333,3,3
1.334,3,3
1.335,3,3
1.336,3,3
1.337,3,3
1.338,3,3
1.339,3,3
1.34,3,3
1.341,3,3
1.342,3,3
1.343,3,3
1.344,3,3
1.345,3,3
1.346,3,3
1.347,3,3
1.348,3,3
1.349,3,3
1.35,3,3
1.351,3,3
1.352,3,3
1.353,3,3
1.354,3,3
1.355,3,3
1.356,3,3
1.357,3,3
1.358,3,3
1.359,3,3
1.36,3,3
1.361,3,3
1.362,3,3
1.363,3,3
1.364,3,3
1.365,3,3
1.366,3,3
1.367,3,3
1.368,3,3
1.369,3,3
1.37,3,3
1.371,3,3
1.372,3,3
1.373,3,3
1.374,3,3
1.375,3,3
1.376,3,3
1.377,3,3
1.378,3,3
1.379,3,3
1.38,3,3
1.381,3,3
1.382,3,3
1.383,3,3
1.384,3,3
1.385,3,3
1.386,3,3
1.387,3,3
1.388,3,3
1.389,3,3
1.39,3,3
1.391,3,3
1.392,3,3
1.393,3,3
1.394,3,3
1.395,3,3
1.396,3,3
1.397,3,3
1.398,3,3
1.399,3,3
1.4,3,3
1.401,3,3
1.402,3,3
1.403,3,3
1.404,3,3
1.405,3,3
1.406,3,3
1.407,3,3
1.408,3,3
1.409,3,3
1.41,3,3
1.411,3,3
1.412,3,3
1.413,3,3
1.414,3,3
1.415,3,3
1.416,3,3
1.417,3,3
1.418,3,3
1.419,3,3
1.42,3,3
1.421,3,3
1.422,3,3
1.423,3,3
1.424,3,3
1.425,3,3
1.426,3,3
1.427,3,3
1.428,3,3
1.429,3,3
1.43,3,3
1.431,3,3
1.432,3,3
1.433,3,3
1.434,3,3
1.435,3,3
1.436,3,3
1.437,3,3
1.438,3,3
1.439,3,3
1.44,3,3
1.441,3,3
1.442,3,3
1.443,3,3
1.444,3,3
1.445,3,3
1.446,3,3
1.447,3,3
1.448,3,3
1.449,3,3
1.45,3,3
1.451,3,3
1.452,3,3
1.453,3,3
1.454,3,3
1.455,3,3
1.456,3,3
1.457,3,3
1.458,3,3
1.459,3,3
1.46,3,3
1.461,3,3
1.462,3,3
1.463,3,3
1.464,3,3
1.465,3,3
1.466,3,3
1.467,3,3
1.468,3,3
1.469,3,3
1.47,3,3
1.471,3,3
1.472,3,3
1.473,3,3
1.474,3,3
1.475,3,3
1.476,3,3
1.477,3,3
1.478,3,3
1.479,3,3
1.48,3,3
1.481,3,3
1.482,3,3
1.483,3,3
1.484,3,3
1.485,3,3
1.486,3,3
1.487,3,3
1.488,3,3
1.489,3,3
1.49,3,3
1.491,3,3
1.492,3,3
1.493,3,3
1.494,3,3
1.495,3,3
1.496,3,3
1.497,3,3
1.498,3,3
1.499,3,3
1.5,3,3
1.501,3,3
1.502,3,3
1.503,3,3
1.504,3,3
1.505,3,3
1.506,3,3
1.507,3,3
1.508,3,3
1.509,3,3
1.51,3,3
1.511,3,3
1.512,3,3
1.513,3,3
1.514,3,3
1.515,3,3
1.516,3,3
1.517,3,3
1.518,3,3
1.519,3,3
1.52,3,3
1.521,3,3
1.522,3,3
1.523,3,3
1.524,3,3
1.525,3,3
1.526,3,3
1.527,3,3
1.528,3,3
1.529,3,3
1.53,3,3
1.531,3,3
1.532,3,3
1.533,3,3
1.534,3,3
1.535,3,3
1.536,3,3
1.537,3,3
1.538,3,3
1.539,3,3
1.54,3,3
1.541,3,3
1.542,3,3
1.543,3,3
1.544,3,3
1.545,3,3
1.546,3,3
1.547,3,3
1.548,3,3
1.549,3,3
1.55,3,3
1.551,3,3
1.552,3,3
1.553,3,3
1.554,3,3
1.555,3,3
1.556,3,3
1.557,3,3
1.558,3,3
1.559,3,3
1.56,3,3
1.561,3,3
1.562,3,3
1.563,3,3
1.564,3,3
1.565,3,3
1.566,3,3
1.567,3,3
1.568,3,3
1.569,3,3
1.57,3,3
1.571,3,3
1.572,3,3
1.573,3,3
1.574,3,3
1.575,3,3
1.576,3,3
1.577,3,3
1.578,3,3
1.579,3,3
1.58,3,3
1.581,3,3
1.582,3,3
1.583,3,3
1.584,3,3
1.585,3,3
1.586,3,3
1.587,3,3
1.588,3,3
1.589,3,3
1.59,3,3
1.591,3,3
1.592,3,3
1.593,3,3
1.594,3,3
1.595,3,3
1.596,3,3
1.597,3,3
1.598,3,3
1.599,3,3
1.6,3,3
1.601,3,3
1.602,3,3
1.603,3,3
1.604,3,3
1.605,3,3
1.606,3,3
1.607,3,3
1.608,3,3
1.609,3,3
1.61,3,3
1.611,3,3
1.612,3,3
1.613,3,3
1.614,3,3
1.615,3,3
1.616,3,3
1.617,3,3
1.618,3,3
1.619,3,3
1.62,3,3
1.621,3,3
1.622,3,3
1.623,3,3
1.624,3,3
1.625,3,3
1.626,3,3
1.627,3,3
1.628,3,3
1.629,3,3
1.63,3,3
1.631,3,3
1.632,3,3
1.633,3,3
1.634,3,3
1.635,3,3
1.636,3,3
1.637,3,3
1.638,3,3
1.639,3,3
1.64,3,3
1.641,3,3
1.642,3,3
1.643,3,3
1.644,3,3
1.645,3,3
1.646,3,3
1.647,3,3
1.648,3,3
1.649,3,3
1.65,3,3
1.651,3,3
1.652,3,3
1.653,3,3
1.654,3,3
1.655,3,3
1.656,3,3
1.657,3,3
1.658,3,3
1.659,3,3
1.66,3,3
1.661,3,3
1.662,3,3
1.663,3,3
1.664,3,3
1.665,3,3
1.666,3,3
1.667,3,3
1.668,3,3
1.669,3,3
1.67,3,3
1.671,3,3
1.672,3,3
1.673,3,3
1.674,3,3
1.675,3,3
1.676,3,3
1.677,3,3
1.678,3,3
1.679,3,3
1.68,3,3
1.681,3,3
1.682,3,3
1.683,3,3
1.684,3,3
1.685,3,3
1.686,3,3
1.687,3,3
1.688,3,3
1.689,3,3
1.69,3,3
1.691,3,3
1.692,3,3
1.693,3,3
1.694,3,3
1.695,3,3
1.696,3,3
1.697,3,3
1.698,3,3
1.699,3,3
1.7,3,3
1.701,3,3
1.702,3,3
1.703,3,3
1.704,3,3
1.705,3,3
1.706,3,3
1.707,3,3
1.708,3,3
1.709,3,3
1.71,3,3
1.711,3,3
1.712,3,3
1.713,3,3
1.714,3,3
1.715,3,3
1.716,3,3
1.717,3,3
1.718,3,3
1.719,3,3
1.72,3,3
1.721,3,3
1.722,3,3
1.723,3,3
1.724,3,3
1.725,3,3
1.726,3,3
1.727,3,3
1.728,3,3
1.729,3,3
1.73,3,3
1.731,3,3
1.732,3,3
1.733,3,3
1.734,3,3
1.735,3,3
1.736,3,3
1.737,3,3
1.738,3,3
1.739,3,3
1.74,3,3
1.741,3,3
1.742,3,3
1.743,3,3
1.744,3,3
1.745,3,3
1.746,3,3
1.747,3,3
1.748,3,3
1.749,3,3
1.75,3,3
1.751,3,3
1.752,3,3
1.753,3,3
1.754,3,3
1.755,3,3
1.756,3,3
1.757,3,3
1.758,3,3
1.759,3,3
1.76,3,3
1.761,3,3
1.762,3,3
1.763,3,3
1.764,3,3
1.765,3,3
1.766,3,3
1.767,3,3
1.768,3,3
1.769,3,3
1.77,3,3
1.771,3,3
1.772,3,3
1.773,3,3
1.774,3,3
1.775,3,3
1.776,3,3
1.777,3,3
1.778,3,3
1.779,3,3
1.78,3,3
1.781,3,3
1.782,3,3
1.783,3,3
1.784,3,3
1.785,3,3
1.786,3,3
1.787,3,3
1.788,3,3
1.789,3,3
1.79,3,3
1.791,3,3
1.792,3,3
1.793,3,3
1.794,3,3
1.795,3,3
1.796,3,3
1.797,3,3
1.798,3,3
1.799,3,3
1.8,3,3
1.801,3,3
1.802,3,3
1.803,3,3
1.804,3,3
1.805,3,3
1.806,3,3
1.807,3,3
1.808,3,3
1.809,3,3
1.81,3,3
1.811,3,3
1.812,3,3
1.813,3,3
1.814,3,3
1.815,3,3
1.816,3,3
1.817,3,3
1.818,3,3
1.819,3,3
1.82,3,3
1.821,3,3
1.822,3,3
1.823,3,3
1.824,3,3
1.825,3,3
1.826,3,3
1.827,3,3
1.828,3,3
1.829,3,3
1.83,3,3
1.831,3,3
1.832,3,3
1.833,3,3
1.834,3,3
1.835,3,3
1.836,3,3
1.837,3,3
1.838,3,3
1.839,3,3
1.84,3,3
1.841,3,3
1.842,3,3
1.843,3,3
1.844,3,3
1.845,3,3
1.846,3,3
1.847,3,3
1.848,3,3
1.849,3,3
1.85,3,3
1.851,3,3
1.852,3,3
1.853,3,3
1.854,3,3
1.855,3,3
1.856,3,3
1.857,3,3
1.858,3,3
1.859,3,3
1.86,3,3
1.861,3,3
1.862,3,3
1.863,3,3
1.864,3,3
1.865,3,3
1.866,3,3
1.867,3,3
1.868,3,3
1.869,3,3
1.87,3,3
1.871,3,3
1.872,3,3
1.873,3,3
1.874,3,3
1.875,3,3
1.876,3,3
1.877,3,3
1.878,3,3
1.879,3,3
1.88,3,3
1.881,3,3
1.882,3,3
1.883,3,3
1.884,3,3
1.885,3,3
1.886,3,3
1.887,3,3
1.888,3,3
1.889,3,3
1.89,3,3
1.891,3,3
1.892,3,3
1.893,3,3
1.894,3,3
1.895,3,3
1.896,3,3
1.897,3,3
1.898,3,3
1.899,3,3
1.9,3,3
1.901,3,3
1.902,3,3
1.903,3,3
1.904,3,3
1.905,3,3
1.906,3,3
1.907,3,3
1.908,3,3
1.909,3,3
1.91,3,3
1.911,3,3
1.912,3,3
1.913,3,3
1.914,3,3
1.915,3,3
1.916,3,3
1.917,3,3
1.918,3,3
1.919,3,3
1.92,3,3
1.921,3,3
1.922,3,3
1.923,3,3
1.924,3,3
1.925,3,3
1.926,3,3
1.927,3,3
1.928,3,3
1.929,3,3
1.93,3,3
1.931,3,3
1.932,3,3
1.933,3,3
1.934,3,3
1.935,3,3
1.936,3,3
1.937,3,3
1.938,3,3
1.939,3,3
1.94,3,3
1.941,3,3
1.942,3,3
1.943,3,3
1.944,3,3
1.945,3,3
1.946,3,3
1.947,3,3
1.948,3,3
1.949,3,3
1.95,3,3
1.951,3,3
1.952,3,3
1.953,3,3
1.954,3,3
1.955,3,3
1.956,3,3
1.957,3,3
1.958,3,3
1.959,3,3
1.96,3,3
1.961,3,3
1.962,3,3
1.963,3,3
1.964,3,3
1.965,3,3
1.966,3,3
1.967,3,3
1.968,3,3
1.969,3,3
1.97,3,3
1.971,3,3
1.972,3,3
1.973,3,3
1.974,3,3
1.975,3,3
1.976,3,3
1.977,3,3
1.978,3,3
1.979,3,3
1.98,3,3
1.981,3,3
1.982,3,3
1.983,3,3
1.984,3,3
1.985,3,3
1.986,3,3
1.987,3,3
1.988,3,3
1.989,3,3
1.99,3,3
1.991,3,3
1.992,3,3
1.993,3,3
1.994,3,3
1.995,3,3
1.996,3,3
1.997,3,3
1.998,3,3
1.999,3,3
2,3,3
2.001,3,3
2.002,3,3
2.003,3,3
2.004,3,3
2.005,3,3
2.006,3,3
2.007,3,3
2.008,3,3
2.009,3,3
2.01,3,3
2.011,3,3
2.012,3,3
2.013,3,3
2.014,3,3
2.015,3,3
2.016,3,3
2.017,3,3
2.018,3,3
2.019,3,3
2.02,3,3
2.021,3,3
2.022,3,3
2.023,3,3
2.024,3,3
2.025,3,3
2.026,3,3
2.027,3,3
2.028,3,3
2.029,3,3
2.03,3,3
2.031,3,3
2.032,3,3
2.033,3,3
2.034,3,3
2.035,3,3
2.036,3,3
2.037,3,3
2.038,3,3
2.039,3,3
2.04,3,3
2.041,3,3
2.042,3,3
2.043,3,3
2.044,3,3
2.045,3,3
2.046,3,3
2.047,3,3
2.048,3,3
2.049,3,3
2.05,3,3
2.051,3,3
2.052,3,3
2.053,3,3
2.054,3,3
2.055,3,3
2.056,3,3
2.057,3,3
2.058,3,3
2.059,3,3
2.06,3,3
2.061,3,3
2.062,3,3
2.063,3,3
2.064,3,3
2.065,3,3
2.066,3,3
2.067,3,3
2.068,3,3
2.069,3,3
2.07,3,3
2.071,3,3
2.072,3,3
2.073,3,3
2.074,3,3
2.075,3,3
2.076,3,3
2.077,3,3
2.078,3,3
2.079,3,3
2.08,3,3
2.081,3,3
2.082,3,3
2.083,3,3
2.084,3,3
2.085,3,3
2.086,3,3
2.087,3,3
2.088,3,3
2.089,3,3
2.09,3,3
2.091,3,3
2.092,3,3
2.093,3,3
2.094,3,3
2.095,3,3
2.096,3,3
2.097,3,3
2.098,3,3
2.099,3,3
2.1,3,3
2.101,3,3
2.102,3,3
2.103,3,3
2.104,3,3
2.105,3,3
2.106,3,3
2.107,3,3
2.108,3,3
2.109,3,3
2.11,3,3
2.111,3,3
2.112,3,3
2.113,3,3
2.114,3,3
2.115,3,3
2.116,3,3
2.117,3,3
2.118,3,3
2.119,3,3
2.12,3,3
2.121,3,3
2.122,3,3
2.123,3,3
2.124,3,3
2.125,3,3
2.126,3,3
2.127,3,3
2.128,3,3
2.129,3,3
2.13,3,3
2.131,3,3
2.132,3,3
2.133,3,3
2.134,3,3
2.135,3,3
2.136,3,3
2.137,3,3
2.138,3,3
2.139,3,3
2.14,3,3
2.141,3,3
2.142,3,3
2.143,3,3
2.144,3,3
2.145,3,3
2.146,3,3
2.147,3,3
2.148,3,3
2.149,3,3
2.15,3,3
2.151,3,3
2.152,3,3
2.153,3,3
2.154,3,3
2.155,3,3
2.156,3,3
2.157,3,3
2.158,3,3
2.159,3,3
2.16,3,3
2.161,3,3
2.162,3,3
2.163,3,3
2.164,3,3
2.165,3,3
2.166,3,3
2.167,3,3
2.168,3,3
2.169,3,3
2.17,3,3
2.171,3,3
2.172,3,3
2.173,3,3
2.174,3,3
2.175,3,3
2.176,3,3
2.177,3,3
2.178,3,3
2.179,3,3
2.18,3,3
2.181,3,3
2.182,3,3
2.183,3,3
2.184,3,3
2.185,3,3
2.186,3,3
2.187,3,3
2.188,3,3
2.189,3,3
2.19,3,3
2.191,3,3
2.192,3,3
2.193,3,3
2.194,3,3
2.195,3,3
2.196,3,3
2.197,3,3
2.198,3,3
2.199,3,3
2.2,3,3
2.201,3,3
2.202,3,3
2.203,3,3
2.204,3,3
2.205,3,3
2.206,3,3
2.207,3,3
2.208,3,3
2.209,3,3
2.21,3,3
2.211,3,3
2.212,3,3
2.213,3,3
2.214,3,3
2.215,3,3
2.216,3,3
2.217,3,3
2.218,3,3
2.219,3,3
2.22,3,3
2.221,3,3
2.222,3,3
2.223,3,3
2.224,3,3
2.225,3,3
2.226,3,3
2.227,3,3
2.228,3,3
2.229,3,3
2.23,3,3
2.231,3,3
2.232,3,3
2.233,3,3
2.234,3,3
2.235,3,3
2.236,3,3
2.237,3,3
2.238,3,3
2.239,3,3
2.24,3,3
2.241,3,3
2.242,3,3
2.243,3,3
2.244,3,3
2.245,3,3
2.246,3,3
2.247,3,3
2.248,3,3
2.249,3,3
2.25,3,3
2.251,3,3
2.252,3,3
2.253,3,3
2.254,3,3
2.255,3,3
2.256,3,3
2.257,3,3
2.258,3,3
2.259,3,3
2.26,3,3
2.261,3,3
2.262,3,3
2.263,3,3
2.264,3,3
2.265,3,3
2.266,3,3
2.267,3,3
2.268,3,3
2.269,3,3
2.27,3,3
2.271,3,3
2.272,3,3
2.273,3,3
2.274,3,3
2.275,3,3
2.276,3,3
2.277,3,3
2.278,3,3
2.279,3,3
2.28,3,3
2.281,3,3
2.282,3,3
2.283,3,3
2.284,3,3
2.285,3,3
2.286,3,3
2.287,3,3
2.288,3,3
2.289,3,3
2.29,3,3
2.291,3,3
2.292,3,3
2.293,3,3
2.294,3,3
2.295,3,3
2.296,3,3
2.297,3,3
2.298,3,3
2.299,3,3
2.3,3,3
2.301,3,3
2.302,3,3
2.303,3,3
2.304,3,3
2.305,3,3
2.306,3,3
2.307,3,3
2.308,3,3
2.309,3,3
2.31,3,3
2.311,3,3
2.312,3,3
2.313,3,3
2.314,3,3
2.315,3,3
2.316,3,3
2.317,3,3
2.318,3,3
2.319,3,3
2.32,3,3
2.321,3,3
2.322,3,3
2.323,3,3
2.324,3,3
2.325,3,3
2.326,3,3
2.327,3,3
2.328,3,3
2.329,3,3
2.33,3,3
2.331,3,3
2.332,3,3
2.333,3,3
2.334,3,3
2.335,3,3
2.336,3,3
2.337,3,3
2.338,3,3
2.339,3,3
2.34,3,3
2.341,3,3
2.342,3,3
2.343,3,3
2.344,3,3
2.345,3,3
2.346,3,3
2.347,3,3
2.348,3,3
2.349,3,3
2.35,3,3
2.351,3,3
2.352,3,3
2.353,3,3
2.354,3,3
2.355,3,3
2.356,3,3
2.357,3,3
2.358,3,3
2.359,3,3
2.36,3,3
2.361,3,3
2.362,3,3
2.363,3,3
2.364,3,3
2.365,3,3
2.366,3,3
2.367,3,3
2.368,3,3
2.369,3,3
2.37,3,3
2.371,3,3
2.372,3,3
2.373,3,3
2.374,3,3
2.375,3,3
2.376,3,3
2.377,3,3
2.378,3,3
2.379,3,3
2.38,3,3
2.381,3,3
2.382,3,3
2.383,3,3
2.384,3,3
2.385,3,3
2.386,3,3
2.387,3,3
2.388,3,3
2.389,3,3
2.39,3,3
2.391,3,3
2.392,3,3
2.393,3,3
2.394,3,3
2.395,3,3
2.396,3,3
2.397,3,3
2.398,3,3
2.399,3,3
2.4,3,3
2.401,3,3
2.402,3,3
2.403,3,3
2.404,3,3
2.405,3,3
2.406,3,3
2.407,3,3
2.408,3,3
2.409,3,3
2.41,3,3
2.411,3,3
2.412,3,3
2.413,3,3
2.414,3,3
2.415,3,3
2.416,3,3
2.417,3,3
2.418,3,3
2.419,3,3
2.42,3,3
2.421,3,3
2.422,3,3
2.423,3,3
2.424,3,3
2.425,3,3
2.426,3,3
2.427,3,3
2.428,3,3
2.429,3,3
2.43,3,3
2.431,3,3
2.432,3,3
2.433,3,3
2.434,3,3
2.435,3,3
2.436,3,3
2.437,3,3
2.438,3,3
2.439,3,3
2.44,3,3
2.441,3,3
2.442,3,3
2.443,3,3
2.444,3,3
2.445,3,3
2.446,3,3
2.447,3,3
2.448,3,3
2.449,3,3
2.45,3,3
2.451,3,3
2.452,3,3
2.453,3,3
2.454,3,3
2.455,3,3
2.456,3,3
2.457,3,3
2.458,3,3
2.459,3,3
2.46,3,3
2.461,3,3
2.462,3,3
2.463,3,3
2.464,3,3
2.465,3,3
2.466,3,3
2.467,3,3
2.468,3,3
2.469,3,3
2.47,3,3
2.471,3,3
2.472,3,3
2.473,3,3
2.474,3,3
2.475,3,3
2.476,3,3
2.477,3,3
2.478,3,3
2.479,3,3
2.48,3,3
2.481,3,3
2.482,3,3
2.483,3,3
2.484,3,3
2.485,3,3
2.486,3,3
2.487,3,3
2.488,3,3
2.489,3,3
2.49,3,3
2.491,3,3
2.492,3,3
2.493,3,3
2.494,3,3
2.495,3,3
2.496,3,3
2.497,3,3
2.498,3,3
2.499,3,3
2.5,3,3
2.501,3,3
2.502,3,3
2.503,3,3
2.504,3,3
2.505,3,3
2.506,3,3
2.507,3,3
2.508,3,3
2.509,3,3
2.51,3,3
2.511,3,3
2.512,3,3
2.513,3,3
2.514,3,3
2.515,3,3
2.516,3,3
2.517,3,3
2.518,3,3
2.519,3,3
2.52,3,3
2.521,3,3
2.522,3,3
2.523,3,3
2.524,3,3
2.525,3,3
2.526,3,3
2.527,3,3
2.528,3,3
2.529,3,3
2.53,3,3
2.531,3,3
2.532,3,3
2.533,3,3
2.534,3,3
2.535,3,3
2.536,3,3
2.537,3,3
2.538,3,3
2.539,3,3
2.54,3,3
2.541,3,3
2.542,3,3
2.543,3,3
2.544,3,3
2.545,3,3
2.546,3,3
2.547,3,3
2.548,3,3
2.549,3,3
2.55,3,3
2.551,3,3
2.552,3,3
2.553,3,3
2.554,3,3
2.555,3,3
2.556,3,3
2.557,3,3
2.558,3,3
2.559,3,3
2.56,3,3
2.561,3,3
2.562,3,3
2.563,3,3
2.564,3,3
2.565,3,3
2.566,3,3
2.567,3,3
2.568,3,3
2.569,3,3
2.57,3,3
2.571,3,3
2.572,3,3
2.573,3,3
2.574,3,3
2.575,3,3
2.576,3,3
2.577,3,3
2.578,3,3
2.579,3,3
2.58,3,3
2.581,3,3
2.582,3,3
2.583,3,3
2.584,3,3
2.585,3,3
2.586,3,3
2.587,3,3
2.588,3,3
2.589,3,3
2.59,3,3
2.591,3,3
2.592,3,3
2.593,3,3
2.594,3,3
2.595,3,3
2.596,3,3
2.597,3,3
2.598,3,3
2.599,3,3
2.6,3,3
2.601,3,3
2.602,3,3
2.603,3,3
2.604,3,3
2.605,3,3
2.606,3,3
2.607,3,3
2.608,3,3
2.609,3,3
2.61,3,3
2.611,3,3
2.612,3,3
2.613,3,3
2.614,3,3
2.615,3,3
2.616,3,3
2.617,3,3
2.618,3,3
2.619,3,3
2.62,3,3
2.621,3,3
2.622,3,3
2.623,3,3
2.624,3,3
2.625,3,3
2.626,3,3
2.627,3,3
2.628,3,3
2.629,3,3
2.63,3,3
2.631,3,3
2.632,3,3
2.633,3,3
2.634,3,3
2.635,3,3
2.636,3,3
2.637,3,3
2.638,3,3
2.639,3,3
2.64,3,3
2.641,3,3
2.642,3,3
2.643,3,3
2.644,3,3
2.645,3,3
2.646,3,3
2.647,3,3
2.648,3,3
2.649,3,3
2.65,3,3
2.651,3,3
2.652,3,3
2.653,3,3
2.654,3,3
2.655,3,3
2.656,3,3
2.657,3,3
2.658,3,3
2.659,3,3
2.66,3,3
2.661,3,3
2.662,3,3
2.663,3,3
2.664,3,3
2.665,3,3
2.666,3,3
2.667,3,3
2.668,3,3
2.669,3,3
2.67,3,3
2.671,3,3
2.672,3,3
2.673,3,3
2.674,3,3
2.675,3,3
2.676,3,3
2.677,3,3
2.678,3,3
2.679,3,3
2.68,3,3
2.681,3,3
2.682,3,3
2.683,3,3
2.684,3,3
2.685,3,3
2.686,3,3
2.687,3,3
2.688,3,3
2.689,3,3
2.69,3,3
2.691,3,3
2.692,3,3
2.693,3,3
2.694,3,3
2.695,3,3
2.696,3,3
2.697,3,3
2.698,3,3
2.699,3,3
2.7,3,3
2.701,3,3
2.702,3,3
2.703,3,3
2.704,3,3
2.705,3,3
2.706,3,3
2.707,3,3
2.708,3,3
2.709,3,3
2.71,3,3
2.711,3,3
2.712,3,3
2.713,3,3
2.714,3,3
2.715,3,3
2.716,3,3
2.717,3,3
2.718,3,3
2.719,3,3
2.72,3,3
2.721,3,3
2.722,3,3
2.723,3,3
2.724,3,3
2.725,3,3
2.726,3,3
2.727,3,3
2.728,3,3
2.729,3,3
2.73,3,3
2.731,3,3
2.732,3,3
2.733,3,3
2.734,3,3
2.735,3,3
2.736,3,3
2.737,3,3
2.738,3,3
2.739,3,3
2.74,3,3
2.741,3,3
2.742,3,3
2.743,3,3
2.744,3,3
2.745,3,3
2.746,3,3
2.747,3,3
2.748,3,3
2.749,3,3
2.75,3,3
2.751,3,3
2.752,3,3
2.753,3,3
2.754,3,3
2.755,3,3
2.756,3,3
2.757,3,3
2.758,3,3
2.759,3,3
2.76,3,3
2.761,3,3
2.762,3,3
2.763,3,3
2.764,3,3
2.765,3,3
2.766,3,3
2.767,3,3
2.768,3,3
2.769,3,3
2.77,3,3
2.771,3,3
2.772,3,3
2.773,3,3
2.774,3,3
2.775,3,3
2.776,3,3
2.777,3,3
2.778,3,3
2.779,3,3
2.78,3,3
2.781,3,3
2.782,3,3
2.783,3,3
2.784,3,3
2.785,3,3
2.786,3,3
2.787,3,3
2.788,3,3
2.789,3,3
2.79,3,3
2.791,3,3
2.792,3,3
2.793,3,3
2.794,3,3
2.795,3,3
2.796,3,3
2.797,3,3
2.798,3,3
2.799,3,3
2.8,3,3
2.801,3,3
2.802,3,3
2.803,3,3
2.804,3,3
2.805,3,3
2.806,3,3
2.807,3,3
2.808,3,3
2.809,3,3
2.81,3,3
2.811,3,3
2.812,3,3
2.813,3,3
2.814,3,3
2.815,3,3
2.816,3,3
2.817,3,3
2.818,3,3
2.819,3,3
2.82,3,3
2.821,3,3
2.822,3,3
2.823,3,3
2.824,3,3
2.825,3,3
2.826,3,3
2.827,3,3
2.828,3,3
2.829,3,3
2.83,3,3
2.831,3,3
2.832,3,3
2.833,3,3
2.834,3,3
2.835,3,3
2.836,3,3
2.837,3,3
2.838,3,3
2.839,3,3
2.84,3,3
2.841,3,3
2.842,3,3
2.843,3,3
2.844,3,3
2.845,3,3
2.846,3,3
2.847,3,3
2.848,3,3
2.849,3,3
2.85,3,3
2.851,3,3
2.852,3,3
2.853,3,3
2.854,3,3
2.855,3,3
2.856,3,3
2.857,3,3
2.858,3,3
2.859,3,3
2.86,3,3
2.861,3,3
2.862,3,3
2.863,3,3
2.864,3,3
2.865,3,3
2.866,3,3
2.867,3,3
2.868,3,3
2.869,3,3
2.87,3,3
2.871,3,3
2.872,3,3
2.873,3,3
2.874,3,3
2.875,3,3
2.876,3,3
2.877,3,3
2.878,3,3
2.879,3,3
2.88,3,3
2.881,3,3
2.882,3,3
2.883,3,3
2.884,3,3
2.885,3,3
2.886,3,3
2.887,3,3
2.888,3,3
2.889,3,3
2.89,3,3
2.891,3,3
2.892,3,3
2.893,3,3
2.894,3,3
2.895,3,3
2.896,3,3
2.897,3,3
2.898,3,3
2.899,3,3
2.9,3,3
2.901,3,3
2.902,3,3
2.903,3,3
2.904,3,3
2.905,3,3
2.906,3,3
2.907,3,3
2.908,3,3
2.909,3,3
2.91,3,3
2.911,3,3
2.912,3,3
2.913,3,3
2.914,3,3
2.915,3,3
2.916,3,3
2.917,3,3
2.918,3,3
2.919,3,3
2.92,3,3
2.921,3,3
2.922,3,3
2.923,3,3
2.924,3,3
2.925,3,3
2.926,3,3
2.927,3,3
2.928,3,3
2.929,3,3
2.93,3,3
2.931,3,3
2.932,3,3
2.933,3,3
2.934,3,3
2.935,3,3
2.936,3,3
2.937,3,3
2.938,3,3
2.939,3,3
2.94,3,3
2.941,3,3
2.942,3,3
2.943,3,3
2.944,3,3
2.945,3,3
2.946,3,3
2.947,3,3
2.948,3,3
2.949,3,3
2.95,3,3
2.951,3,3
2.952,3,3
2.953,3,3
2.954,3,3
2.955,3,3
2.956,3,3
2.957,3,3
2.958,3,3
2.959,3,3
2.96,3,3
2.961,3,3
2.962,3,3
2.963,3,3
2.964,3,3
2.965,3,3
2.966,3,3
2.967,3,3
2.968,3,3
2.969,3,3
2.97,3,3
2.971,3,3
2.972,3,3
2.973,3,3
2.974,3,3
2.975,3,3
2.976,3,3
2.977,3,3
2.978,3,3
2.979,3,3
2.98,3,3
2.981,3,3
2.982,3,3
2.983,3,3
2.984,3,3
2.985,3,3
2.986,3,3
2.987,3,3
2.988,3,3
2.989,3,3
2.99,3,3
2.991,3,3
2.992,3,3
2.993,3,3
2.994,3,3
2.995,3,3
2.996,3,3
2.997,3,3
2.998,3,3
2.999,3,3
3,3,3
3.001,3,3
3.002,3,3
3.003,3,3
3.004,3,3
3.005,3,3
3.006,3,3
3.007,3,3
3.008,3,3
3.009,3,3
3.01,3,3
3.011,3,3
3.012,3,3
3.013,3,3
3.014,3,3
3.015,3,3
3.016,3,3
3.017,3,3
3.018,3,3
3.019,3,3
3.02,3,3
3.021,3,3
3.022,3,3
3.023,3,3
3.024,3,3
3.025,3,3
3.026,3,3
3.027,3,3
3.028,3,3
3.029,3,3
3.03,3,3
3.031,3,3
3.032,3,3
3.033,3,3
3.034,3,3
3.035,3,3
3.036,3,3
3.037,3,3
3.038,3,3
3.039,3,3
3.04,3,3
3.041,3,3
3.042,3,3
3.043,3,3
3.044,3,3
3.045,3,3
3.046,3,3
3.047,3,3
3.048,3,3
3.049,3,3
3.05,3,3
3.051,3,3
3.052,3,3
3.053,3,3
3.054,3,3
3.055,3,3
3.056,3,3
3.057,3,3
3.058,3,3
3.059,3,3
3.06,3,3
3.061,3,3
3.062,3,3
3.063,3,3
3.064,3,3
3.065,3,3
3.066,3,3
3.067,3,3
3.068,3,3
3.069,3,3
3.07,3,3
3.071,3,3
3.072,3,3
3.073,3,3
3.074,3,3
3.075,3,3
3.076,3,3
3.077,3,3
3.078,3,3
3.079,3,3
3.08,3,3
3.081,3,3
3.082,3,3
3.083,3,3
3.084,3,3
3.085,3,3
3.086,3,3
3.087,3,3
3.088,3,3
3.089,3,3
3.09,3,3
3.091,3,3
3.092,3,3
3.093,3,3
3.094,3,3
3.095,3,3
3.096,3,3
3.097,3,3
3.098,3,3
3.099,3,3
3.1,3,3
3.101,3,3
3.102,3,3
3.103,3,3
3.104,3,3
3.105,3,3
3.106,3,3
3.107,3,3
3.108,3,3
3.109,3,3
3.11,3,3
3.111,3,3
3.112,3,3
3.113,3,3
3.114,3,3
3.115,3,3
3.116,3,3
3.117,3,3
3.118,3,3
3.119,3,3
3.12,3,3
3.121,3,3
3.122,3,3
3.123,3,3
3.124,3,3
3.125,3,3
3.126,3,3
3.127,3,3
3.128,3,3
3.129,3,3
3.13,3,3
3.131,3,3
3.132,3,3
3.133,3,3
3.134,3,3
3.135,3,3
3.136,3,3
3.137,3,3
3.138,3,3
3.139,3,3
3.14,3,3
3.141,3,3
3.142,3,3
3.143,3,3
3.144,3,3
3.145,3,3
3.146,3,3
3.147,3,3
3.148,3,3
3.149,3,3
3.15,3,3
3.151,3,3
3.152,3,3
3.153,3,3
3.154,3,3
3.155,3,3
3.156,3,3
3.157,3,3
3.158,3,3
3.159,3,3
3.16,3,3
3.161,3,3
3.162,3,3
3.163,3,3
3.164,3,3
3.165,3,3
3.166,3,3
3.167,3,3
3.168,3,3
3.169,3,3
3.17,3,3
3.171,3,3
3.172,3,3
3.173,3,3
3.174,3,3
3.175,3,3
3.176,3,3
3.177,3,3
3.178,3,3
3.179,3,3
3.18,3,3
3.181,3,3
3.182,3,3
3.183,3,3
3.184,3,3
3.185,3,3
3.186,3,3
3.187,3,3
3.188,3,3
3.189,3,3
3.19,3,3
3.191,3,3
3.192,3,3
3.193,3,3
3.194,3,3
3.195,3,3
3.196,3,3
3.197,3,3
3.198,3,3
3.199,3,3
3.2,3,3
3.201,3,3
3.202,3,3
3.203,3,3
3.204,3,3
3.205,3,3
3.206,3,3
3.207,3,3
3.208,3,3
3.209,3,3
3.21,3,3
3.211,3,3
3.212,3,3
3.213,3,3
3.214,3,3
3.215,3,3
3.216,3,3
3.217,3,3
3.218,3,3
3.219,3,3
3.22,3,3
3.221,3,3
3.222,3,3
3.223,3,3
3.224,3,3
3.225,3,3
3.226,3,3
3.227,3,3
3.228,3,3
3.229,3,3
3.23,3,3
3.231,3,3
3.232,3,3
3.233,3,3
3.234,3,3
3.235,3,3
3.236,3,3
3.237,3,3
3.238,3,3
3.239,3,3
3.24,3,3
3.241,3,3
3.242,3,3
3.243,3,3
3.244,3,3
3.245,3,3
3.246,3,3
3.247,3,3
3.248,3,3
3.249,3,3
3.25,3,3
3.251,3,3
3.252,3,3
3.253,3,3
3.254,3,3
3.255,3,3
3.256,3,3
3.257,3,3
3.258,3,3
3.259,3,3
3.26,3,3
3.261,3,3
3.262,3,3
3.263,3,3
3.264,3,3
3.265,3,3
3.266,3,3
3.267,3,3
3.268,3,3
3.269,3,3
3.27,3,3
3.271,3,3
3.272,3,3
3.273,3,3
3.274,3,3
3.275,3,3
3.276,3,3
3.277,3,3
3.278,3,3
3.279,3,3
3.28,3,3
3.281,3,3
3.282,3,3
3.283,3,3
3.284,3,3
3.285,3,3
3.286,3,3
3.287,3,3
3.288,3,3
3.289,3,3
3.29,3,3
3.291,3,3
3.292,3,3
3.293,3,3
3.294,3,3
3.295,3,3
3.296,3,3
3.297,3,3
3.298,3,3
3.299,3,3
3.3,3,3
3.301,3,3
3.302,3,3
3.303,3,3
3.304,3,3
3.305,3,3
3.306,3,3
3.307,3,3
3.308,3,3
3.309,3,3
3.31,3,3
3.311,3,3
3.312,3,3
3.313,3,3
3.314,3,3
3.315,3,3
3.316,3,3
3.317,3,3
3.318,3,3
3.319,3,3
3.32,3,3
3.321,3,3
3.322,3,3
3.323,3,3
3.324,3,3
3.325,3,3
3.326,3,3
3.327,3,3
3.328,3,3
3.329,3,3
3.33,3,3
3.331,3,3
3.332,3,3
3.333,3,3
3.334,3,3
3.335,3,3
3.336,3,3
3.337,3,3
3.338,3,3
3.339,3,3
3.34,3,3
3.341,3,3
3.342,3,3
3.343,3,3
3.344,3,3
3.345,3,3
3.346,3,3
3.347,3,3
3.348,3,3
3.349,3,3
3.35,3,3
3.351,3,3
3.352,3,3
3.353,3,3
3.354,3,3
3.355,3,3
3.356,3,3
3.357,3,3
3.358,3,3
3.359,3,3
3.36,3,3
3.361,3,3
3.362,3,3
3.363,3,3
3.364,3,3
3.365,3,3
3.366,3,3
3.367,3,3
3.368,3,3
3.369,3,3
3.37,3,3
3.371,3,3
3.372,3,3
3.373,3,3
3.374,3,3
3.375,3,3
3.376,3,3
3.377,3,3
3.378,3,3
3.379,3,3
3.38,3,3
3.381,3,3
3.382,3,3
3.383,3,3
3.384,3,3
3.385,3,3
3.386,3,3
3.387,3,3
3.388,3,3
3.389,3,3
3.39,3,3
3.391,3,3
3.392,3,3
3.393,3,3
3.394,3,3
3.395,3,3
3.396,3,3
3.397,3,3
3.398,3,3
3.399,3,3
3.4,3,3
3.401,3,3
3.402,3,3
3.403,3,3
3.404,3,3
3.405,3,3
3.406,3,3
3.407,3,3
3.408,3,3
3.409,3,3
3.41,3,3
3.411,3,3
3.412,3,3
3.413,3,3
3.414,3,3
3.415,3,3
3.416,3,3
3.417,3,3
3.418,3,3
3.419,3,3
3.42,3,3
3.421,3,3
3.422,3,3
3.423,3,3
3.424,3,3
3.425,3,3
3.426,3,3
3.427,3,3
3.428,3,3
3.429,3,3
3.43,3,3
3.431,3,3
3.432,3,3
3.433,3,3
3.434,3,3
3.435,3,3
3.436,3,3
3.437,3,3
3.438,3,3
3.439,3,3
3.44,3,3
3.441,3,3
3.442,3,3
3.443,3,3
3.444,3,3
3.445,3,3
3.446,3,3
3.447,3,3
3.448,3,3
3.449,3,3
3.45,3,3
3.451,3,3
3.452,3,3
3.453,3,3
3.454,3,3
3.455,3,3
3.456,3,3
3.457,3,3
3.458,3,3
3.459,3,3
3.46,3,3
3.461,3,3
3.462,3,3
3.463,3,3
3.464,3,3
3.465,3,3
3.466,3,3
3.467,3,3
3.468,3,3
3.469,3,3
3.47,3,3
3.471,3,3
3.472,3,3
3.473,3,3
3.474,3,3
3.475,3,3
3.476,3,3
3.477,3,3
3.478,3,3
3.479,3,3
3.48,3,3
3.481,3,3
3.482,3,3
3.483,3,3
3.484,3,3
3.485,3,3
3.486,3,3
3.487,3,3
3.488,3,3
3.489,3,3
3.49,3,3
3.491,3,3
3.492,3,3
3.493,3,3
3.494,3,3
3.495,3,3
3.496,3,3
3.497,3,3
3.498,3,3
3.499,3,3
3.5,3,3
3.501,3,3
3.502,3,3
3.503,3,3
3.504,3,3
3.505,3,3
3.506,3,3
3.507,3,3
3.508,3,3
3.509,3,3
3.51,3,3
3.511,3,3
3.512,3,3
3.513,3,3
3.514,3,3
3.515,3,3
3.516,3,3
3.517,3,3
3.518,3,3
3.519,3,3
3.52,3,3
3.521,3,3
3.522,3,3
3.523,3,3
3.524,3,3
3.525,3,3
3.526,3,3
3.527,3,3
3.528,3,3
3.529,3,3
3.53,3,3
3.531,3,3
3.532,3,3
3.533,3,3
3.534,3,3
3.535,3,3
3.536,3,3
3.537,3,3
3.538,3,3
3.539,3,3
3.54,3,3
3.541,3,3
3.542,3,3
3.543,3,3
3.544,3,3
3.545,3,3
3.546,3,3
3.547,3,3
3.548,3,3
3.549,3,3
3.55,3,3
3.551,3,3
3.552,3,3
3.553,3,3
3.554,3,3
3.555,3,3
3.556,3,3
3.557,3,3
3.558,3,3
3.559,3,3
3.56,3,3
3.561,3,3
3.562,3,3
3.563,3,3
3.564,3,3
3.565,3,3
3.566,3,3
3.567,3,3
3.568,3,3
3.569,3,3
3.57,3,3
3.571,3,3
3.572,3,3
3.573,3,3
3.574,3,3
3.575,3,3
3.576,3,3
3.577,3,3
3.578,3,3
3.579,3,3
3.58,3,3
3.581,3,3
3.582,3,3
3.583,3,3
3.584,3,3
3.585,3,3
3.586,3,3
3.587,3,3
3.588,3,3
3.589,3,3
3.59,3,3
3.591,3,3
3.592,3,3
3.593,3,3
3.594,3,3
3.595,3,3
3.596,3,3
3.597,3,3
3.598,3,3
3.599,3,3
3.6,3,3
3.601,3,3
3.602,3,3
3.603,3,3
3.604,3,3
3.605,3,3
3.606,3,3
3.607,3,3
3.608,3,3
3.609,3,3
3.61,3,3
3.611,3,3
3.612,3,3
3.613,3,3
3.614,3,3
3.615,3,3
3.616,3,3
3.617,3,3
3.618,3,3
3.619,3,3
3.62,3,3
3.621,3,3
3.622,3,3
3.623,3,3
3.624,3,3
3.625,3,3
3.626,3,3
3.627,3,3
3.628,3,3
3.629,3,3
3.63,3,3
3.631,3,3
3.632,3,3
3.633,3,3
3.634,3,3
3.635,3,3
3.636,3,3
3.637,3,3
3.638,3,3
3.639,3,3
3.64,3,3
3.641,3,3
3.642,3,3
3.643,3,3
3.644,3,3
3.645,3,3
3.646,3,3
3.647,3,3
3.648,3,3
3.649,3,3
3.65,3,3
3.651,3,3
3.652,3,3
3.653,3,3
3.654,3,3
3.655,3,3
3.656,3,3
3.657,3,3
3.658,3,3
3.659,3,3
3.66,3,3
3.661,3,3
3.662,3,3
3.663,3,3
3.664,3,3
3.665,3,3
3.666,3,3
3.667,3,3
3.668,3,3
3.669,3,3
3.67,3,3
3.671,3,3
3.672,3,3
3.673,3,3
3.674,3,3
3.675,3,3
3.676,3,3
3.677,3,3
3.678,3,3
3.679,3,3
3.68,3,3
3.681,3,3
3.682,3,3
3.683,3,3
3.684,3,3
3.685,3,3
3.686,3,3
3.687,3,3
3.688,3,3
3.689,3,3
3.69,3,3
3.691,3,3
3.692,3,3
3.693,3,3
3.694,3,3
3.695,3,3
3.696,3,3
3.697,3,3
3.698,3,3
3.699,3,3
3.7,3,3
3.701,3,3
3.702,3,3
3.703,3,3
3.704,3,3
3.705,3,3
3.706,3,3
3.707,3,3
3.708,3,3
3.709,3,3
3.71,3,3
3.711,3,3
3.712,3,3
3.713,3,3
3.714,3,3
3.715,3,3
3.716,3,3
3.717,3,3
3.718,3,3
3.719,3,3
3.72,3,3
3.721,3,3
3.722,3,3
3.723,3,3
3.724,3,3
3.725,3,3
3.726,3,3
3.727,3,3
3.728,3,3
3.729,3,3
3.73,3,3
3.731,3,3
3.732,3,3
3.733,3,3
3.734,3,3
3.735,3,3
3.736,3,3
3.737,3,3
3.738,3,3
3.739,3,3
3.74,3,3
3.741,3,3
3.742,3,3
3.743,3,3
3.744,3,3
3.745,3,3
3.746,3,3
3.747,3,3
3.748,3,3
3.749,3,3
3.75,3,3
3.751,3,3
3.752,3,3
3.753,3,3
3.754,3,3
3.755,3,3
3.756,3,3
3.757,3,3
3.758,3,3
3.759,3,3
3.76,3,3
3.761,3,3
3.762,3,3
3.763,3,3
3.764,3,3
3.765,3,3
3.766,3,3
3.767,3,3
3.768,3,3
3.769,3,3
3.77,3,3
3.771,3,3
3.772,3,3
3.773,3,3
3.774,3,3
3.775,3,3
3.776,3,3
3.777,3,3
3.778,3,3
3.779,3,3
3.78,3,3
3.781,3,3
3.782,3,3
3.783,3,3
3.784,3,3
3.785,3,3
3.786,3,3
3.787,3,3
3.788,3,3
3.789,3,3
3.79,3,3
3.791,3,3
3.792,3,3
3.793,3,3
3.794,3,3
3.795,3,3
3.796,3,3
3.797,3,3
3.798,3,3
3.799,3,3
3.8,3,3
3.801,3,3
3.802,3,3
3.803,3,3
3.804,3,3
3.805,3,3
3.806,3,3
3.807,3,3
3.808,3,3
3.809,3,3
3.81,3,3
3.811,3,3
3.812,3,3
3.813,3,3
3.814,3,3
3.815,3,3
3.816,3,3
3.817,3,3
3.818,3,3
3.819,3,3
3.82,3,3
3.821,3,3
3.822,3,3
3.823,3,3
3.824,3,3
3.825,3,3
3.826,3,3
3.827,3,3
3.828,3,3
3.829,3,3
3.83,3,3
3.831,3,3
3.832,3,3
3.833,3,3
3.834,3,3
3.835,3,3
3.836,3,3
3.837,3,3
3.838,3,3
3.839,3,3
3.84,3,3
3.841,3,3
3.842,3,3
3.843,3,3
3.844,3,3
3.845,3,3
3.846,3,3
3.847,3,3
3.848,3,3
3.849,3,3
3.85,3,3
3.851,3,3
3.852,3,3
3.853,3,3
3.854,3,3
3.855,3,3
3.856,3,3
3.857,3,3
3.858,3,3
3.859,3,3
3.86,3,3
3.861,3,3
3.862,3,3
3.863,3,3
3.864,3,3
3.865,3,3
3.866,3,3
3.867,3,3
3.868,3,3
3.869,3,3
3.87,3,3
3.871,3,3
3.872,3,3
3.873,3,3
3.874,3,3
3.875,3,3
3.876,3,3
3.877,3,3
3.878,3,3
3.879,3,3
3.88,3,3
3.881,3,3
3.882,3,3
3.883,3,3
3.884,3,3
3.885,3,3
3.886,3,3
3.887,3,3
3.888,3,3
3.889,3,3
3.89,3,3
3.891,3,3
3.892,3,3
3.893,3,3
3.894,3,3
3.895,3,3
3.896,3,3
3.897,3,3
3.898,3,3
3.899,3,3
3.9,3,3
3.901,3,3
3.902,3,3
3.903,3,3
3.904,3,3
3.905,3,3
3.906,3,3
3.907,3,3
3.908,3,3
3.909,3,3
3.91,3,3
3.911,3,3
3.912,3,3
3.913,3,3
3.914,3,3
3.915,3,3
3.916,3,3
3.917,3,3
3.918,3,3
3.919,3,3
3.92,3,3
3.921,3,3
3.922,3,3
3.923,3,3
3.924,3,3
3.925,3,3
3.926,3,3
3.927,3,3
3.928,3,3
3.929,3,3
3.93,3,3
3.931,3,3
3.932,3,3
3.933,3,3
3.934,3,3
3.935,3,3
3.936,3,3
3.937,3,3
3.938,3,3
3.939,3,3
3.94,3,3
3.941,3,3
3.942,3,3
3.943,3,3
3.944,3,3
3.945,3,3
3.946,3,3
3.947,3,3
3.948,3,3
3.949,3,3
3.95,3,3
3.951,3,3
3.952,3,3
3.953,3,3
3.954,3,3
3.955,3,3
3.956,3,3
3.957,3,3
3.958,3,3
3.959,3,3
3.96,3,3
3.961,3,3
3.962,3,3
3.963,3,3
3.964,3,3
3.965,3,3
3.966,3,3
3.967,3,3
3.968,3,3
3.969,3,3
3.97,3,3
3.971,3,3
3.972,3,3
3.973,3,3
3.974,3,3
3.975,3,3
3.976,3,3
3.977,3,3
3.978,3,3
3.979,3,3
3.98,3,3
3.981,3,3
3.982,3,3
3.983,3,3
3.984,3,3
3.985,3,3
3.986,3,3
3.987,3,3
3.988,3,3
3.989,3,3
3.99,3,3
3.991,3,3
3.992,3,3
3.993,3,3
3.994,3,3
3.995,3,3
3.996,3,3
3.997,3,3
3.998,3,3
3.999,3,3
4,3,3
4.001,3,3
4.002,3,3
4.003,3,3
4.004,3,3
4.005,3,3
4.006,3,3
4.007,3,3
4.008,3,3
4.009,3,3
4.01,3,3
4.011,3,3
4.012,3,3
4.013,3,3
4.014,3,3
4.015,3,3
4.016,3,3
4.017,3,3
4.018,3,3
4.019,3,3
4.02,3,3
4.021,3,3
4.022,3,3
4.023,3,3
4.024,3,3
4.025,3,3
4.026,3,3
4.027,3,3
4.028,3,3
4.029,3,3
4.03,3,3
4.031,3,3
4.032,3,3
4.033,3,3
4.034,3,3
4.035,3,3
4.036,3,3
4.037,3,3
4.038,3,3
4.039,3,3
4.04,3,3
4.041,3,3
4.042,3,3
4.043,3,3
4.044,3,3
4.045,3,3
4.046,3,3
4.047,3,3
4.048,3,3
4.049,3,3
4.05,3,3
4.051,3,3
4.052,3,3
4.053,3,3
4.054,3,3
4.055,3,3
4.056,3,3
4.057,3,3
4.058,3,3
4.059,3,3
4.06,3,1
4.061,3,1
4.062,3,1
4.063,3,1
4.064,3,1
4.065,3,1
4.066,3,1
4.067,3,1
4.068,3,1
4.069,3,1
4.07,3,1
4.071,3,1
4.072,3,1
4.073,3,1
4.074,3,1
4.075,3,1
4.076,3,1
4.077,3,1
4.078,3,1
4.079,3,1
4.08,3,1
4.081,3,1
4.082,3,1
4.083,3,1
4.084,3,1
4.085,3,1
4.086,3,1
4.087,3,1
4.088,3,1
4.089,3,1
4.09,3,1
4.091,3,1
4.092,3,1
4.093,3,1
4.094,3,1
4.095,3,1
4.096,3,1
4.097,3,1
4.098,3,1
4.099,3,1
4.1,3,1
4.101,3,1
4.102,3,1
4.103,3,1
4.104,3,1
4.105,3,1
4.106,3,1
4.107,3,1
4.108,3,1
4.109,3,1
4.11,3,1
4.111,3,1
4.112,3,1
4.113,3,1
4.114,3,1
4.115,3,1
4.116,3,1
4.117,3,1
4.118,3,1
4.119,3,1
4.12,3,1
4.121,3,1
4.122,3,1
4.123,3,1
4.124,3,1
4.125,3,1
4.126,3,1
4.127,3,1
4.128,3,1
4.129,3,1
4.13,3,1
4.131,3,1
4.132,3,1
4.133,3,1
4.134,3,1
4.135,3,1
4.136,3,1
4.137,3,1
4.138,3,1
4.139,3,1
4.14,3,1
4.141,3,1
4.142,3,1
4.143,3,1
4.144,3,1
4.145,3,1
4.146,3,1
4.147,3,1
4.148,3,1
4.149,3,1
4.15,3,1
4.151,3,1
4.152,3,1
4.153,3,1
4.154,3,1
4.155,3,1
4.156,3,1
4.157,3,1
4.158,3,1
4.159,3,1
4.16,3,1
4.161,3,1
4.162,3,1
4.163,3,1
4.164,3,1
4.165,3,1
4.166,3,1
4.167,3,1
4.168,3,1
4.169,3,1
4.17,3,1
4.171,3,1
4.172,3,1
4.173,3,1
4.174,3,1
4.175,3,1
4.176,3,1
4.177,3,1
4.178,3,1
4.179,3,1
4.18,3,1
4.181,3,1
4.182,3,1
4.183,3,1
4.184,3,1
4.185,3,1
4.186,3,1
4.187,3,1
4.188,3,1
4.189,3,1
4.19,3,1
4.191,3,1
4.192,3,1
4.193,3,1
4.194,3,1
4.195,3,1
4.196,3,1
4.197,3,1
4.198,3,1
4.199,3,1
4.2,3,1
4.201,3,1
4.202,3,1
4.203,3,1
4.204,3,1
4.205,3,1
4.206,3,1
4.207,3,1
4.208,3,1
4.209,3,1
4.21,3,1
4.211,3,1
4.212,3,1
4.213,3,1
4.214,3,1
4.215,3,1
4.216,3,1
4.217,3,1
4.218,3,1
4.219,3,1
4.22,3,1
4.221,3,1
4.222,3,1
4.223,3,1
4.224,3,1
4.225,3,1
4.226,3,1
4.227,3,1
4.228,3,1
4.229,3,1
4.23,3,1
4.231,3,1
4.232,3,1
4.233,1,1
4.234,1,1
4.235,1,1
4.236,1,1
4.237,1,1
4.238,1,1
4.239,1,1
4.24,1,1
4.241,1,1
4.242,1,1
4.243,1,1
4.244,1,1
4.245,1,1
4.246,1,1
4.247,1,1
4.248,1,1
4.249,1,1
4.25,1,1
4.251,1,1
4.252,1,1
4.253,1,1
4.254,1,1
4.255,1,1
4.256,1,1
4.257,1,1
4.258,1,1
4.259,1,1
4.26,1,1
4.261,1,1
4.262,1,1
4.263,1,1
4.264,1,1
4.265,1,1
4.266,1,1
4.267,1,1
4.268,1,1
4.269,1,1
4.27,1,1
4.271,1,1
4.272,1,1
4.273,1,1
4.274,1,1
4.275,1,1
4.276,1,1
4.277,1,1
4.278,1,1
4.279,1,1
4.28,1,1
4.281,1,1
4.282,1,1
4.283,1,1
4.284,1,1
4.285,1,1
4.286,1,1
4.287,1,1
4.288,1,1
4.289,1,1
4.29,1,1
4.291,1,1
4.292,1,1
4.293,1,1
4.294,1,1
4.295,1,1
4.296,1,1
4.297,1,1
4.298,1,1
4.299,1,1
4.3,1,1
4.301,1,1
4.302,1,1
4.303,1,1
4.304,1,1
4.305,1,1
4.306,1,1
4.307,1,1
4.308,1,1
4.309,1,1
4.31,1,1
4.311,1,1
4.312,1,1
4.313,1,1
4.314,1,1
4.315,1,1
4.316,1,1
4.317,1,1
4.318,1,1
4.319,1,1
4.32,1,1
4.321,1,1
4.322,1,1
4.323,1,1
4.324,1,1
4.325,1,1
4.326,1,1
4.327,1,1
4.328,1,1
4.329,1,1
4.33,1,1
4.331,1,1
4.332,1,1
4.333,1,1
4.334,1,1
4.335,1,1
4.336,1,1
4.337,1,1
4.338,1,1
4.339,1,1
4.34,1,1
4.341,1,1
4.342,1,1
4.343,1,1
4.344,1,1
4.345,1,1
4.346,1,1
4.347,1,1
4.348,1,1
4.349,1,1
4.35,1,1
4.351,1,1
4.352,1,1
4.353,1,1
4.354,1,1
4.355,1,1
4.356,1,1
4.357,1,1
4.358,1,1
4.359,1,1
4.36,1,1
4.361,1,1
4.362,1,1
4.363,1,1
4.364,1,1
4.365,1,1
4.366,1,1
4.367,1,1
4.368,1,1
4.369,1,1
4.37,1,1
4.371,1,1
4.372,1,1
4.373,1,1
4.374,1,1
4.375,1,1
4.376,1,1
4.377,1,1
4.378,1,1
4.379,1,1
4.38,1,1
4.381,1,1
4.382,1,1
4.383,1,1
4.384,1,1
4.385,1,1
4.386,1,1
4.387,1,1
4.388,1,1
4.389,1,1
4.39,1,1
4.391,1,1
4.392,1,1
4.393,1,1
4.394,1,1
4.395,1,1
4.396,1,1
4.397,1,1
4.398,1,1
4.399,1,1
4.4,1,1
4.401,1,1
4.402,1,1
4.403,1,1
4.404,1,1
4.405,1,1
4.406,1,1
4.407,1,1
4.408,1,1
4.409,1,1
4.41,1,1
4.411,1,1
4.412,1,1
4.413,1,1
4.414,1,1
4.415,1,1
4.416,1,1
4.417,1,1
4.418,1,1
4.419,1,1
4.42,1,1
4.421,1,1
4.422,1,1
4.423,1,1
4.424,1,1
4.425,1,1
4.426,1,1
4.427,1,1
4.428,1,1
4.429,1,1
4.43,1,1
4.431,1,1
4.432,1,1
4.433,1,1
4.434,1,1
4.435,1,1
4.436,1,1
4.437,1,1
4.438,1,1
4.439,1,1
4.44,1,1
4.441,1,1
4.442,1,1
4.443,1,1
4.444,1,1
4.445,1,1
4.446,1,1
4.447,1,1
4.448,1,1
4.449,1,1
4.45,1,1
4.451,1,1
4.452,1,1
4.453,1,1
4.454,1,1
4.455,1,1
4.456,1,1
4.457,1,1
4.458,1,1
4.459,1,1
4.46,1,1
4.461,1,1
4.462,1,1
4.463,1,1
4.464,1,1
4.465,1,1
4.466,1,1
4.467,1,1
4.468,1,1
4.469,1,1
4.47,1,1
4.471,1,1
4.472,1,1
4.473,1,1
4.474,1,1
4.475,1,1
4.476,1,1
4.477,1,1
4.478,1,1
4.479,1,1
4.48,1,1
4.481,1,1
4.482,1,1
4.483,1,1
4.484,1,1
4.485,1,1
4.486,1,1
4.487,1,1
4.488,1,1
4.489,1,1
4.49,1,1
4.491,1,1
4.492,1,1
4.493,1,1
4.494,1,1
4.495,1,1
4.496,1,1
4.497,1,1
4.498,1,1
4.499,1,1
4.5,1,1
4.501,1,1
4.502,1,1
4.503,1,1
4.504,1,1
4.505,1,1
4.506,1,1
4.507,1,1
4.508,1,1
4.509,1,1
4.51,1,1
4.511,1,1
4.512,1,1
4.513,1,1
4.514,1,1
4.515,1,1
4.516,1,1
4.517,1,1
4.518,1,1
4.519,1,1
4.52,1,1
4.521,1,1
4.522,1,1
4.523,1,1
4.524,1,1
4.525,1,1
4.526,1,1
4.527,1,1
4.528,1,1
4.529,1,1
4.53,1,1
4.531,1,1
4.532,1,1
4.533,1,1
4.534,1,1
4.535,1,1
4.536,1,1
4.537,1,1
4.538,1,1
4.539,1,1
4.54,1,1
4.541,1,1
4.542,1,1
4.543,1,1
4.544,1,1
4.545,1,1
4.546,1,1
4.547,1,1
4.548,1,1
4.549,1,1
4.55,1,1
4.551,1,1
4.552,1,1
4.553,1,1
4.554,1,1
4.555,1,1
4.556,1,1
4.557,1,1
4.558,1,1
4.559,1,1
4.56,1,1
4.561,1,1
4.562,1,1
4.563,1,1
4.564,1,1
4.565,1,1
4.566,1,1
4.567,1,1
4.568,1,1
4.569,1,1
4.57,1,1
4.571,1,1
4.572,1,1
4.573,1,1
4.574,1,1
4.575,1,1
4.576,1,1
4.577,1,1
4.578,1,1
4.579,1,1
4.58,1,1
4.581,1,1
4.582,1,1
4.583,1,1
4.584,1,1
4.585,1,1
4.586,1,1
4.587,1,1
4.588,1,1
4.589,1,1
4.59,1,1
4.591,1,1
4.592,1,1
4.593,1,1
4.594,1,1
4.595,1,1
4.596,1,1
4.597,1,1
4.598,1,1
4.599,1,1
4.6,1,1
4.601,1,1
4.602,1,1
4.603,1,1
4.604,1,1
4.605,1,1
4.606,1,1
4.607,1,1
4.608,1,1
4.609,1,1
4.61,1,1
4.611,1,1
4.612,1,1
4.613,1,1
4.614,1,1
4.615,1,1
4.616,1,1
4.617,1,1
4.618,1,1
4.619,1,1
4.62,1,1
4.621,1,1
4.622,1,1
4.623,1,1
4.624,1,1
4.625,1,1
4.626,1,1
4.627,1,1
4.628,1,1
4.629,1,1
4.63,1,1
4.631,1,1
4.632,1,1
4.633,1,1
4.634,1,1
4.635,1,1
4.636,1,1
4.637,1,1
4.638,1,1
4.639,1,1
4.64,1,1
4.641,1,1
4.642,1,1
4.643,1,1
4.644,1,1
4.645,1,1
4.646,1,1
4.647,1,1
4.648,1,1
4.649,1,1
4.65,1,1
4.651,1,1
4.652,1,1
4.653,1,1
4.654,1,1
4.655,1,1
4.656,1,1
4.657,1,1
4.658,1,1
4.659,1,1
4.66,1,1
4.661,1,1
4.662,1,1
4.663,1,1
4.664,1,1
4.665,1,1
4.666,1,1
4.667,1,1
4.668,1,1
4.669,1,1
4.67,1,1
4.671,1,1
4.672,1,1
4.673,1,1
4.674,1,1
4.675,1,1
4.676,1,1
4.677,1,1
4.678,1,1
4.679,1,1
4.68,1,1
4.681,1,1
4.682,1,1
4.683,1,1
4.684,1,1
4.685,1,1
4.686,1,1
4.687,1,1
4.688,1,1
4.689,1,1
4.69,1,1
4.691,1,1
4.692,1,1
4.693,1,1
4.694,1,1
4.695,1,1
4.696,1,1
4.697,1,1
4.698,1,1
4.699,1,1
4.7,1,1
4.701,1,1
4.702,1,1
4.703,1,1
4.704,1,1
4.705,1,1
4.706,1,1
4.707,1,1
4.708,1,1
4.709,1,1
4.71,1,1
4.711,1,1
4.712,1,1
4.713,1,1
4.714,1,1
4.715,1,1
4.716,1,1
4.717,1,1
4.718,1,1
4.719,1,1
4.72,1,1
4.721,1,1
4.722,1,1
4.723,1,1
4.724,1,1
4.725,1,1
4.726,1,1
4.727,1,1
4.728,1,1
4.729,1,1
4.73,1,1
4.731,1,1
4.732,1,1
4.733,1,1
4.734,1,1
4.735,1,1
4.736,1,1
4.737,1,1
4.738,1,1
4.739,1,1
4.74,1,1
4.741,1,1
4.742,1,1
4.743,1,1
4.744,1,1
4.745,1,1
4.746,1,1
4.747,1,1
4.748,1,1
4.749,1,1
4.75,1,1
4.751,1,1
4.752,1,1
4.753,1,1
4.754,1,1
4.755,1,1
4.756,1,1
4.757,1,1
4.758,1,1
4.759,1,1
4.76,1,1
4.761,1,1
4.762,1,1
4.763,1,1
4.764,1,1
4.765,1,1
4.766,1,1
4.767,1,1
4.768,1,1
4.769,1,1
4.77,1,1
4.771,1,1
4.772,1,1
4.773,1,1
4.774,1,1
4.775,1,1
4.776,1,1
4.777,1,1
4.778,1,1
4.779,1,1
4.78,1,1
4.781,1,1
4.782,1,1
4.783,1,1
4.784,1,1
4.785,1,1
4.786,1,1
4.787,1,1
4.788,1,1
4.789,1,1
4.79,1,1
4.791,1,1
4.792,1,1
4.793,1,1
4.794,1,1
4.795,1,1
4.796,1,1
4.797,1,1
4.798,1,1
4.799,1,1
4.8,1,1
4.801,1,1
4.802,1,1
4.803,1,1
4.804,1,1
4.805,1,1
4.806,1,1
4.807,1,1
4.808,1,1
4.809,1,1
4.81,1,1
4.811,1,1
4.812,1,1
4.813,1,1
4.814,1,1
4.815,1,1
4.816,1,1
4.817,1,1
4.818,1,1
4.819,1,1
4.82,1,1
4.821,1,1
4.822,1,1
4.823,1,1
4.824,1,1
4.825,1,1
4.826,1,1
4.827,1,1
4.828,1,1
4.829,1,1
4.83,1,1
4.831,1,1
4.832,1,1
4.833,1,1
4.834,1,1
4.835,1,1
4.836,1,1
4.837,1,1
4.838,1,1
4.839,1,1
4.84,1,1
4.841,1,1
4.842,1,1
4.843,1,1
4.844,1,1
4.845,1,1
4.846,1,1
4.847,1,1
4.848,1,1
4.849,1,1
4.85,1,1
4.851,1,1
4.852,1,1
4.853,1,1
4.854,1,1
4.855,1,1
4.856,1,1
4.857,1,1
4.858,1,1
4.859,1,1
4.86,1,1
4.861,1,1
4.862,1,1
4.863,1,1
4.864,1,1
4.865,1,1
4.866,1,1
4.867,1,1
4.868,1,1
4.869,1,1
4.87,1,1
4.871,1,1
4.872,1,1
4.873,1,1
4.874,1,1
4.875,1,1
4.876,1,1
4.877,1,1
4.878,1,1
4.879,1,1
4.88,1,1
4.881,1,1
4.882,1,1
4.883,1,1
4.884,1,1
4.885,1,1
4.886,1,1
4.887,1,1
4.888,1,1
4.889,1,1
4.89,1,1
4.891,1,1
4.892,1,1
4.893,1,1
4.894,1,1
4.895,1,1
4.896,1,1
4.897,1,1
4.898,1,1
4.899,1,1
4.9,1,1
4.901,1,1
4.902,1,1
4.903,1,1
4.904,1,1
4.905,1,1
4.906,1,1
4.907,1,1
4.908,1,1
4.909,1,1
4.91,1,1
4.911,1,1
4.912,1,1
4.913,1,1
4.914,1,1
4.915,1,1
4.916,1,1
4.917,1,1
4.918,1,1
4.919,1,1
4.92,1,1
4.921,1,1
4.922,1,1
4.923,1,1
4.924,1,1
4.925,1,1
4.926,1,1
4.927,1,1
4.928,1,1
4.929,1,1
4.93,1,1
4.931,1,1
4.932,1,1
4.933,1,1
4.934,1,1
4.935,1,1
4.936,1,1
4.937,1,1
4.938,1,1
4.939,1,1
4.94,1,1
4.941,1,1
4.942,1,1
4.943,1,1
4.944,1,1
4.945,1,1
4.946,1,1
4.947,1,1
4.948,1,1
4.949,1,1
4.95,1,1
4.951,1,1
4.952,1,1
4.953,1,1
4.954,1,1
4.955,1,1
4.956,1,1
4.957,1,1
4.958,1,1
4.959,1,1
4.96,1,1
4.961,1,1
4.962,1,1
4.963,1,1
4.964,1,1
4.965,1,1
4.966,1,1
4.967,1,1
4.968,1,1
4.969,1,1
4.97,1,1
4.971,1,1
4.972,1,1
4.973,1,1
4.974,1,1
4.975,1,1
4.976,1,1
4.977,1,1
4.978,1,1
4.979,1,1
4.98,1,1
4.981,1,1
4.982,1,1
4.983,1,1
4.984,1,1
4.985,1,1
4.986,1,1
4.987,1,1
4.988,1,1
4.989,1,1
4.99,1,1
4.991,1,1
4.992,1,1
4.993,1,1
4.994,1,1
4.995,1,1
4.996,1,1
4.997,1,1
4.998,1,1
4.999,1,1
5,1,1
5.001,1,1
5.002,1,1
5.003,1,1
5.004,1,1
5.005,1,1
5.006,1,1
5.007,1,1
5.008,1,1
5.009,1,1
5.01,1,1
5.011,1,1
5.012,1,1
5.013,1,1
5.014,1,1
5.015,1,1
5.016,1,1
5.017,1,1
5.018,1,1
5.019,1,1
5.02,1,1
5.021,1,1
5.022,1,1
5.023,1,1
5.024,1,1
5.025,1,1
5.026,1,1
5.027,1,1
5.028,1,1
5.029,1,1
5.03,1,1
5.031,1,1
5.032,1,1
5.033,1,1
5.034,1,1
5.035,1,1
5.036,1,1
5.037,1,1
5.038,1,1
5.039,1,1
5.04,1,1
5.041,1,1
5.042,1,1
5.043,1,1
5.044,1,1
5.045,1,1
5.046,1,1
5.047,1,1
5.048,1,1
5.049,1,1
5.05,1,1
5.051,1,1
5.052,1,1
5.053,1,1
5.054,1,1
5.055,1,1
5.056,1,1
5.057,1,1
5.058,1,1
5.059,1,1
5.06,1,1
5.061,1,1
5.062,1,1
5.063,1,1
5.064,1,1
5.065,1,1
5.066,1,1
5.067,1,1
5.068,1,1
5.069,1,1
5.07,1,1
5.071,1,1
5.072,1,1
5.073,1,1
5.074,1,1
5.075,1,1
5.076,1,1
5.077,1,1
5.078,1,1
5.079,1,1
5.08,1,1
5.081,1,1
5.082,1,1
5.083,1,1
5.084,1,1
5.085,1,1
5.086,1,1
5.087,1,1
5.088,1,1
5.089,1,1
5.09,1,1
5.091,1,1
5.092,1,1
5.093,1,1
5.094,1,1
5.095,1,1
5.096,1,1
5.097,1,1
5.098,1,1
5.099,1,1
5.1,1,1
5.101,1,1
5.102,1,1
5.103,1,1
5.104,1,1
5.105,1,1
5.106,1,1
5.107,1,1
5.108,1,1
5.109,1,1
5.11,1,1
5.111,1,1
5.112,1,1
5.113,1,1
5.114,1,1
5.115,1,1
5.116,1,1
5.117,1,1
5.118,1,1
5.119,1,1
5.12,1,1
5.121,1,1
5.122,1,1
5.123,1,1
5.124,1,1
5.125,1,1
5.126,1,1
5.127,1,1
5.128,1,1
5.129,1,1
5.13,1,1
5.131,1,1
5.132,1,1
5.133,1,1
5.134,1,1
5.135,1,1
5.136,1,1
5.137,1,1
5.138,1,1
5.139,1,1
5.14,1,1
5.141,1,1
5.142,1,1
5.143,1,1
5.144,1,1
5.145,1,1
5.146,1,1
5.147,1,1
5.148,1,1
5.149,1,1
5.15,1,1
5.151,1,1
5.152,1,1
5.153,1,1
5.154,1,1
5.155,1,1
5.156,1,1
5.157,1,1
5.158,1,1
5.159,1,1
5.16,1,1
5.161,1,1
5.162,1,1
5.163,1,1
5.164,1,1
5.165,1,1
5.166,1,1
5.167,1,1
5.168,1,1
5.169,1,1
5.17,1,1
5.171,1,1
5.172,1,1
5.173,1,1
5.174,1,1
5.175,1,1
5.176,1,1
5.177,1,1
5.178,1,1
5.179,1,1
5.18,1,1
5.181,1,1
5.182,1,1
5.183,1,1
5.184,1,1
5.185,1,1
5.186,1,1
5.187,1,1
5.188,1,1
5.189,1,1
5.19,1,1
5.191,1,1
5.192,1,1
5.193,1,1
5.194,1,1
5.195,1,1
5.196,1,1
5.197,1,1
5.198,1,1
5.199,1,1
5.2,1,1
5.201,1,1
5.202,1,1
5.203,1,1
5.204,1,1
5.205,1,1
5.206,1,1
5.207,1,1
5.208,1,1
5.209,1,1
5.21,1,1
5.211,1,1
5.212,1,1
5.213,1,1
5.214,1,1
5.215,1,1
5.216,1,1
5.217,1,1
5.218,1,1
5.219,1,1
5.22,1,1
5.221,1,1
5.222,1,1
5.223,1,1
5.224,1,1
5.225,1,1
5.226,1,1
5.227,1,1
5.228,1,1
5.229,1,1
5.23,1,1
5.231,1,1
5.232,1,1
5.233,1,1
5.234,1,1
5.235,1,1
5.236,1,1
5.237,1,1
5.238,1,1
5.239,1,1
5.24,1,1
5.241,1,1
5.242,1,1
5.243,1,1
5.244,1,1
5.245,1,1
5.246,1,1
5.247,1,1
5.248,1,1
5.249,1,1
5.25,1,1
5.251,1,1
5.252,1,1
5.253,1,1
5.254,1,1
5.255,1,1
5.256,1,1
5.257,1,1
5.258,1,1
5.259,1,1
5.26,1,1
5.261,1,1
5.262,1,1
5.263,1,1
5.264,1,1
5.265,1,1
5.266,1,1
5.267,1,1
5.268,1,1
5.269,1,1
5.27,1,1
5.271,1,1
5.272,1,1
5.273,1,1
5.274,1,1
5.275,1,1
5.276,1,1
5.277,1,1
5.278,1,1
5.279,1,1
5.28,1,1
5.281,1,1
5.282,1,1
5.283,1,1
5.284,1,1
5.285,1,1
5.286,1,1
5.287,1,1
5.288,1,1
5.289,1,1
5.29,1,1
5.291,1,1
5.292,1,1
5.293,1,1
5.294,1,1
5.295,1,1
5.296,1,1
5.297,1,1
5.298,1,1
5.299,1,1
5.3,1,1
5.301,1,1
5.302,1,1
5.303,1,1
5.304,1,1
5.305,1,1
5.306,1,1
5.307,1,1
5.308,1,1
5.309,1,1
5.31,1,1
5.311,1,1
5.312,1,1
5.313,1,1
5.314,1,1
5.315,1,1
5.316,1,1
5.317,1,1
5.318,1,1
5.319,1,1
5.32,1,1
5.321,1,1
5.322,1,1
5.323,1,1
5.324,1,1
5.325,1,1
5.326,1,1
5.327,1,1
5.328,1,1
5.329,1,1
5.33,1,1
5.331,1,1
5.332,1,1
5.333,1,1
5.334,1,1
5.335,1,1
5.336,1,1
5.337,1,1
5.338,1,1
5.339,1,1
5.34,1,1
5.341,1,1
5.342,1,1
5.343,1,1
5.344,1,1
5.345,1,1
5.346,1,1
5.347,1,1
5.348,1,1
5.349,1,1
5.35,1,1
5.351,1,1
5.352,1,1
5.353,1,1
5.354,1,1
5.355,1,1
5.356,1,1
5.357,1,1
5.358,1,1
5.359,1,1
5.36,1,1
5.361,1,1
5.362,1,1
5.363,1,1
5.364,1,1
5.365,1,1
5.366,1,1
5.367,1,1
5.368,1,1
5.369,1,1
5.37,1,1
5.371,1,1
5.372,1,1
5.373,1,1
5.374,1,1
5.375,1,1
5.376,1,1
5.377,1,1
5.378,1,1
5.379,1,1
5.38,1,1
5.381,1,1
5.382,1,1
5.383,1,1
5.384,1,1
5.385,1,1
5.386,1,1
5.387,1,1
5.388,1,1
5.389,1,1
5.39,1,1
5.391,1,1
5.392,1,1
5.393,1,1
5.394,1,1
5.395,1,1
5.396,1,1
5.397,1,1
5.398,1,1
5.399,1,1
5.4,1,1
5.401,1,1
5.402,1,1
5.403,1,1
5.404,1,1
5.405,1,1
5.406,1,1
5.407,1,1
5.408,1,1
5.409,1,1
5.41,1,1
5.411,1,1
5.412,1,1
5.413,1,1
5.414,1,1
5.415,1,1
5.416,1,1
5.417,1,1
5.418,1,1
5.419,1,1
5.42,1,1
5.421,1,1
5.422,1,1
5.423,1,1
5.424,1,1
5.425,1,1
5.426,1,1
5.427,1,1
5.428,1,1
5.429,1,1
5.43,1,1
5.431,1,1
5.432,1,1
5.433,1,1
5.434,1,1
5.435,1,1
5.436,1,1
5.437,1,1
5.438,1,1
5.439,1,1
5.44,1,1
5.441,1,1
5.442,1,1
5.443,1,1
5.444,1,1
5.445,1,1
5.446,1,1
5.447,1,1
5.448,1,1
5.449,1,1
5.45,1,1
5.451,1,1
5.452,1,1
5.453,1,1
5.454,1,1
5.455,1,1
5.456,1,1
5.457,1,1
5.458,1,1
5.459,1,1
5.46,1,1
5.461,1,1
5.462,1,1
5.463,1,1
5.464,1,1
5.465,1,1
5.466,1,1
5.467,1,1
5.468,1,1
5.469,1,1
5.47,1,1
5.471,1,1
5.472,1,1
5.473,1,1
5.474,1,1
5.475,1,1
5.476,1,1
5.477,1,1
5.478,1,1
5.479,1,1
5.48,1,1
5.481,1,1
5.482,1,1
5.483,1,1
5.484,1,1
5.485,1,1
5.486,1,1
5.487,1,1
5.488,1,1
5.489,1,1
5.49,1,1
5.491,1,1
5.492,1,1
5.493,1,1
5.494,1,1
5.495,1,1
5.496,1,1
5.497,1,1
5.498,1,1
5.499,1,1
5.5,1,1
5.501,1,1
5.502,1,1
5.503,1,1
5.504,1,1
5.505,1,1
5.506,1,1
5.507,1,1
5.508,1,1
5.509,1,1
5.51,1,1
5.511,1,1
5.512,1,1
5.513,1,1
5.514,1,1
5.515,1,1
5.516,1,1
5.517,1,1
5.518,1,1
5.519,1,1
5.52,1,1
5.521,1,1
5.522,1,1
5.523,1,1
5.524,1,1
5.525,1,1
5.526,1,1
5.527,1,1
5.528,1,1
5.529,1,1
5.53,1,1
5.531,1,1
5.532,1,1
5.533,1,1
5.534,1,1
5.535,1,1
5.536,1,1
5.537,1,1
5.538,1,1
5.539,1,1
5.54,1,1
5.541,1,1
5.542,1,1
5.543,1,1
5.544,1,1
5.545,1,1
5.546,1,1
5.547,1,1
5.548,1,1
5.549,1,1
5.55,1,1
5.551,1,1
5.552,1,1
5.553,1,1
5.554,1,1
5.555,1,1
5.556,1,1
5.557,1,1
5.558,1,1
5.559,1,1
5.56,1,1
5.561,1,1
5.562,1,1
5.563,1,1
5.564,1,1
5.565,1,1
5.566,1,1
5.567,1,1
5.568,1,1
5.569,1,1
5.57,1,1
5.571,1,1
5.572,1,1
5.573,1,1
5.574,1,1
5.575,1,1
5.576,1,1
5.577,1,1
5.578,1,1
5.579,1,1
5.58,1,1
5.581,1,1
5.582,1,1
5.583,1,1
5.584,1,1
5.585,1,1
5.586,1,1
5.587,1,1
5.588,1,1
5.589,1,1
5.59,1,1
5.591,1,1
5.592,1,1
5.593,1,1
5.594,1,1
5.595,1,1
5.596,1,1
5.597,1,1
5.598,1,1
5.599,1,1
5.6,1,1
5.601,1,1
5.602,1,1
5.603,1,1
5.604,1,1
5.605,1,1
5.606,1,1
5.607,1,1
5.608,1,1
5.609,1,1
5.61,1,1
5.611,1,1
5.612,1,1
5.613,1,1
5.614,1,1
5.615,1,1
5.616,1,1
5.617,1,1
5.618,1,1
5.619,1,1
5.62,1,1
5.621,1,1
5.622,1,1
5.623,1,1
5.624,1,1
5.625,1,1
5.626,1,1
5.627,1,1
5.628,1,1
5.629,1,1
5.63,1,1
5.631,1,1
5.632,1,1
5.633,1,1
5.634,1,1
5.635,1,1
5.636,1,1
5.637,1,1
5.638,1,1
5.639,1,1
5.64,1,1
5.641,1,1
5.642,1,1
5.643,1,1
5.644,1,1
5.645,1,1
5.646,1,1
5.647,1,1
5.648,1,1
5.649,1,1
5.65,1,1
5.651,1,1
5.652,1,1
5.653,1,1
5.654,1,1
5.655,1,1
5.656,1,1
5.657,1,1
5.658,1,1
5.659,1,1
5.66,1,1
5.661,1,1
5.662,1,1
5.663,1,1
5.664,1,1
5.665,1,1
5.666,1,1
5.667,1,1
5.668,1,1
5.669,1,1
5.67,1,1
5.671,1,1
5.672,1,1
5.673,1,1
5.674,1,1
5.675,1,1
5.676,1,1
5.677,1,1
5.678,1,1
5.679,1,1
5.68,1,1
5.681,1,1
5.682,1,1
5.683,1,1
5.684,1,1
5.685,1,1
5.686,1,1
5.687,1,1
5.688,1,1
5.689,1,1
5.69,1,1
5.691,1,1
5.692,1,1
5.693,1,1
5.694,1,1
5.695,1,1
5.696,1,1
5.697,1,1
5.698,1,1
5.699,1,1
5.7,1,1
5.701,1,1
5.702,1,1
5.703,1,1
5.704,1,1
5.705,1,1
5.706,1,1
5.707,1,1
5.708,1,1
5.709,1,1
5.71,1,1
5.711,1,1
5.712,1,1
5.713,1,1
5.714,1,1
5.715,1,1
5.716,1,1
5.717,1,1
5.718,1,1
5.719,1,1
5.72,1,1
5.721,1,1
5.722,1,1
5.723,1,1
5.724,1,1
5.725,1,1
5.726,1,1
5.727,1,1
5.728,1,1
5.729,1,1
5.73,1,1
5.731,1,1
5.732,1,1
5.733,1,1
5.734,1,1
5.735,1,1
5.736,1,1
5.737,1,1
5.738,1,1
5.739,1,1
5.74,1,1
5.741,1,1
5.742,1,1
5.743,1,1
5.744,1,1
5.745,1,1
5.746,1,1
5.747,1,1
5.748,1,1
5.749,1,1
5.75,1,1
5.751,1,1
5.752,1,1
5.753,1,1
5.754,1,1
5.755,1,1
5.756,1,1
5.757,1,1
5.758,1,1
5.759,1,1
5.76,1,1
5.761,1,1
5.762,1,1
5.763,1,1
5.764,1,1
5.765,1,1
5.766,1,1
5.767,1,1
5.768,1,1
5.769,1,1
5.77,1,1
5.771,1,1
5.772,1,1
5.773,1,1
5.774,1,1
5.775,1,1
5.776,1,1
5.777,1,1
5.778,1,1
5.779,1,1
5.78,1,1
5.781,1,1
5.782,1,1
5.783,1,1
5.784,1,1
5.785,1,1
5.786,1,1
5.787,1,1
5.788,1,1
5.789,1,1
5.79,1,1
5.791,1,1
5.792,1,1
5.793,1,1
5.794,1,1
5.795,1,1
5.796,1,1
5.797,1,1
5.798,1,1
5.799,1,1
5.8,1,1
5.801,1,1
5.802,1,1
5.803,1,1
5.804,1,1
5.805,1,1
5.806,1,1
5.807,1,1
5.808,1,1
5.809,1,1
5.81,1,1
5.811,1,1
5.812,1,1
5.813,1,1
5.814,1,1
5.815,1,1
5.816,1,1
5.817,1,1
5.818,1,1
5.819,1,1
5.82,1,1
5.821,1,1
5.822,1,1
5.823,1,1
5.824,1,1
5.825,1,1
5.826,1,1
5.827,1,1
5.828,1,1
5.829,1,1
5.83,1,1
5.831,1,1
5.832,1,1
5.833,1,1
5.834,1,1
5.835,1,1
5.836,1,1
5.837,1,1
5.838,1,1
5.839,1,1
5.84,1,1
5.841,1,1
5.842,1,1
5.843,1,1
5.844,1,1
5.845,1,1
5.846,1,1
5.847,1,1
5.848,1,1
5.849,1,1
5.85,1,1
5.851,1,1
5.852,2,1
5.853,2,1
5.854,2,1
5.855,2,1
5.856,2,1
5.857,2,1
5.858,2,1
5.859,2,1
5.86,2,1
5.861,2,1
5.862,2,1
5.863,2,1
5.864,2,1
5.865,2,1
5.866,2,1
5.867,2,1
5.868,2,1
5.869,2,1
5.87,2,1
5.871,2,1
5.872,2,1
5.873,2,1
5.874,2,1
5.875,2,1
5.876,2,1
5.877,2,1
5.878,2,1
5.879,2,1
5.88,2,1
5.881,2,1
5.882,2,1
5.883,2,1
5.884,2,1
5.885,2,1
5.886,2,1
5.887,2,1
5.888,2,1
5.889,2,1
5.89,2,1
5.891,2,1
5.892,2,1
5.893,2,1
5.894,2,1
5.895,2,1
5.896,2,1
5.897,2,1
5.898,2,1
5.899,2,1
5.9,2,1
5.901,2,1
5.902,2,1
5.903,2,1
5.904,2,1
5.905,2,1
5.906,2,1
5.907,2,1
5.908,2,1
5.909,2,1
5.91,2,1
5.911,2,1
5.912,2,1
5.913,2,1
5.914,2,1
5.915,2,1
5.916,2,1
5.917,2,1
5.918,2,1
5.919,2,1
5.92,2,1
5.921,2,1
5.922,2,1
5.923,2,1
5.924,2,1
5.925,2,1
5.926,2,1
5.927,2,1
5.928,2,1
5.929,2,1
5.93,2,1
5.931,2,1
5.932,2,1
5.933,2,1
5.934,2,1
5.935,2,1
5.936,2,1
5.937,2,1
5.938,2,1
5.939,2,1
5.94,2,1
5.941,2,1
5.942,2,1
5.943,2,1
5.944,2,1
5.945,2,1
5.946,2,1
5.947,2,1
5.948,2,1
5.949,2,1
5.95,2,1
5.951,2,1
5.952,2,1
5.953,2,1
5.954,2,1
5.955,2,1
5.956,2,1
5.957,2,1
5.958,2,1
5.959,2,1
5.96,2,1
5.961,2,1
5.962,2,1
5.963,2,1
5.964,2,1
5.965,2,1
5.966,2,1
5.967,2,1
5.968,2,1
5.969,2,1
5.97,2,1
5.971,2,1
5.972,2,1
5.973,2,1
5.974,2,1
5.975,2,1
5.976,2,1
5.977,2,1
5.978,2,1
5.979,2,1
5.98,2,1
5.981,2,1
5.982,2,1
5.983,2,1
5.984,2,1
5.985,2,1
5.986,2,1
5.987,2,1
5.988,2,1
5.989,2,1
5.99,2,1
5.991,2,1
5.992,2,1
5.993,2,1
5.994,2,1
5.995,2,1
5.996,2,1
5.997,2,1
5.998,2,1
5.999,2,1
6,2,1
6.001,2,1
6.002,2,1
6.003,2,1
6.004,2,1
6.005,2,1
6.006,2,1
6.007,2,1
6.008,2,1
6.009,2,1
6.01,2,1
6.011,2,1
6.012,2,1
6.013,2,1
6.014,2,1
6.015,2,1
6.016,2,1
6.017,2,1
6.018,2,1
6.019,2,1
6.02,2,1
6.021,2,1
6.022,2,1
6.023,2,1
6.024,2,1
6.025,2,1
6.026,2,1
6.027,2,1
6.028,2,1
6.029,2,1
6.03,2,1
6.031,2,1
6.032,2,1
6.033,2,1
6.034,2,1
6.035,2,1
6.036,2,1
6.037,2,1
6.038,2,1
6.039,2,1
6.04,2,1
6.041,2,1
6.042,2,1
6.043,2,1
6.044,2,1
6.045,2,1
6.046,2,1
6.047,2,1
6.048,2,1
6.049,2,1
6.05,2,1
6.051,2,1
6.052,2,1
6.053,2,1
6.054,2,1
6.055,2,1
6.056,2,1
6.057,2,1
6.058,2,1
6.059,2,1
6.06,2,1
6.061,2,1
6.062,2,1
6.063,2,1
6.064,2,1
6.065,2,1
6.066,2,1
6.067,2,1
6.068,2,1
6.069,2,1
6.07,2,1
6.071,2,1
6.072,2,1
6.073,2,1
6.074,2,1
6.075,2,1
6.076,2,1
6.077,2,1
6.078,2,1
6.079,2,1
6.08,2,1
6.081,2,1
6.082,2,1
6.083,2,1
6.084,2,1
6.085,2,1
6.086,2,1
6.087,2,1
6.088,2,1
6.089,2,1
6.09,2,1
6.091,2,1
6.092,2,1
6.093,2,1
6.094,2,1
6.095,2,1
6.096,2,1
6.097,2,1
6.098,2,1
6.099,2,1
6.1,2,1
6.101,2,1
6.102,2,1
6.103,2,1
6.104,2,1
6.105,2,1
6.106,2,1
6.107,2,1
6.108,2,1
6.109,2,1
6.11,2,1
6.111,2,1
6.112,2,1
6.113,2,1
6.114,2,1
6.115,2,1
6.116,2,1
6.117,2,1
6.118,2,1
6.119,2,1
6.12,2,1
6.121,2,1
6.122,2,1
6.123,2,1
6.124,2,1
6.125,2,1
6.126,2,1
6.127,2,1
6.128,2,1
6.129,2,1
6.13,2,1
6.131,2,1
6.132,2,1
6.133,2,1
6.134,2,1
6.135,2,1
6.136,2,1
6.137,2,1
6.138,2,1
6.139,2,1
6.14,2,1
6.141,2,1
6.142,2,1
6.143,2,1
6.144,2,1
6.145,2,1
6.146,1,1
6.147,1,1
6.148,1,1
6.149,1,1
6.15,1,1
6.151,1,1
6.152,1,1
6.153,1,1
6.154,1,1
6.155,1,1
6.156,1,1
6.157,1,1
6.158,1,1
6.159,1,1
6.16,1,1
6.161,1,1
6.162,1,1
6.163,1,1
6.164,1,1
6.165,1,1
6.166,1,1
6.167,1,1
6.168,1,1
6.169,1,1
6.17,1,1
6.171,1,1
6.172,1,1
6.173,1,1
6.174,1,1
6.175,1,1
6.176,1,1
6.177,1,1
6.178,1,1
6.179,1,1
6.18,1,1
6.181,1,1
6.182,1,1
6.183,1,1
6.184,1,1
6.185,1,1
6.186,1,1
6.187,1,1
6.188,1,1
6.189,1,1
6.19,1,1
6.191,1,1
6.192,1,1
6.193,1,1
6.194,1,1
6.195,1,1
6.196,1,1
6.197,1,1
6.198,1,1
6.199,1,1
6.2,1,1
6.201,1,1
6.202,1,1
6.203,1,1
6.204,1,1
6.205,1,1
6.206,1,1
6.207,1,1
6.208,1,1
6.209,1,1
6.21,1,1
6.211,1,1
6.212,1,1
6.213,1,1
6.214,1,1
6.215,1,1
6.216,1,1
6.217,1,1
6.218,1,1
6.219,1,1
6.22,1,1
6.221,1,1
6.222,1,1
6.223,1,1
6.224,1,1
6.225,1,1
6.226,1,1
6.227,1,1
6.228,1,1
6.229,1,1
6.23,1,1
6.231,1,1
6.232,1,1
6.233,1,1
6.234,1,1
6.235,1,1
6.236,1,1
6.237,1,1
6.238,1,1
6.239,1,1
6.24,1,1
6.241,1,1
6.242,1,1
6.243,1,1
6.244,1,1
6.245,1,1
6.246,1,1
6.247,1,1
6.248,1,1
6.249,1,1
6.25,1,1
6.251,1,1
6.252,1,1
6.253,1,1
6.254,1,1
6.255,1,1
6.256,1,1
6.257,1,1
6.258,1,1
6.259,1,1
6.26,1,1
6.261,1,1
6.262,1,1
6.263,1,1
6.264,1,1
6.265,1,1
6.266,1,1
6.267,1,1
6.268,1,1
6.269,1,1
6.27,1,1
6.271,1,1
6.272,1,1
6.273,1,1
6.274,1,1
6.275,1,1
6.276,1,1
6.277,1,1
6.278,1,1
6.279,1,1
6.28,1,1
6.281,1,1
6.282,1,1
6.283,1,1
6.284,1,1
6.285,1,1
6.286,1,1
6.287,1,1
6.288,1,1
6.289,1,1
6.29,1,1
6.291,1,1
6.292,1,1
6.293,1,1
6.294,1,1
6.295,1,1
6.296,1,1
6.297,1,1
6.298,1,1
6.299,1,1
6.3,1,1
6.301,1,1
6.302,1,1
6.303,1,1
6.304,1,1
6.305,1,1
6.306,1,1
6.307,1,1
6.308,1,1
6.309,1,1
6.31,1,1
6.311,1,1
6.312,1,1
6.313,1,1
6.314,1,1
6.315,1,1
6.316,1,1
6.317,1,1
6.318,1,1
6.319,1,1
6.32,1,1
6.321,1,1
6.322,1,1
6.323,1,1
6.324,1,1
6.325,1,1
6.326,1,1
6.327,1,1
6.328,1,1
6.329,1,1
6.33,1,1
6.331,1,1
6.332,1,1
6.333,1,1
6.334,1,1
6.335,1,1
6.336,1,1
6.337,1,1
6.338,1,1
6.339,1,1
6.34,1,1
6.341,1,1
6.342,1,1
6.343,1,1
6.344,1,1
6.345,1,1
6.346,1,1
6.347,1,1
6.348,1,1
6.349,1,1
6.35,1,1
6.351,1,1
6.352,1,1
6.353,1,1
6.354,1,1
6.355,1,1
6.356,1,1
6.357,1,1
6.358,1,1
6.359,1,1
6.36,1,1
6.361,1,1
6.362,1,1
6.363,1,1
6.364,1,1
6.365,1,1
6.366,1,1
6.367,1,1
6.368,1,1
6.369,1,1
6.37,1,1
6.371,1,1
6.372,1,1
6.373,1,1
6.374,1,1
6.375,1,1
6.376,1,1
6.377,1,1
6.378,1,1
6.379,1,1
6.38,1,1
6.381,1,1
6.382,1,1
6.383,1,1
6.384,1,1
6.385,1,1
6.386,1,1
6.387,1,1
6.388,1,1
6.389,1,1
6.39,1,1
6.391,1,1
6.392,1,1
6.393,1,1
6.394,1,1
6.395,1,1
6.396,1,1
6.397,1,1
6.398,1,1
6.399,1,1
6.4,1,1
6.401,1,1
6.402,1,1
6.403,1,1
6.404,1,1
6.405,1,1
6.406,1,1
6.407,1,1
6.408,1,1
6.409,1,1
6.41,1,1
6.411,1,1
6.412,1,1
6.413,1,1
6.414,1,1
6.415,1,1
6.416,1,1
6.417,1,1
6.418,1,1
6.419,1,1
6.42,1,1
6.421,1,1
6.422,1,1
6.423,1,1
6.424,1,1
6.425,1,1
6.426,1,1
6.427,1,1
6.428,1,1
6.429,1,1
6.43,1,1
6.431,1,1
6.432,1,1
6.433,1,1
6.434,1,1
6.435,1,1
6.436,1,1
6.437,1,1
6.438,1,1
6.439,1,1
6.44,1,1
6.441,1,1
6.442,1,1
6.443,1,1
6.444,1,1
6.445,1,1
6.446,1,1
6.447,1,1
6.448,1,1
6.449,1,1
6.45,1,1
6.451,1,1
6.452,1,1
6.453,1,1
6.454,1,1
6.455,1,1
6.456,1,1
6.457,1,1
6.458,1,1
6.459,1,1
6.46,1,1
6.461,1,1
6.462,1,1
6.463,1,1
6.464,1,1
6.465,1,1
6.466,1,1
6.467,1,1
6.468,1,1
6.469,1,1
6.47,1,1
6.471,1,1
6.472,1,1
6.473,1,1
6.474,1,1
6.475,1,1
6.476,1,1
6.477,1,1
6.478,1,1
6.479,1,1
6.48,1,1
6.481,1,1
6.482,1,1
6.483,1,1
6.484,1,1
6.485,1,1
6.486,1,1
6.487,1,1
6.488,1,1
6.489,1,1
6.49,1,1
6.491,1,1
6.492,1,1
6.493,1,1
6.494,1,1
6.495,1,1
6.496,1,1
6.497,1,1
6.498,1,1
6.499,1,1
6.5,1,1
6.501,1,1
6.502,1,1
6.503,1,1
6.504,1,1
6.505,1,1
6.506,1,1
6.507,1,1
6.508,1,1
6.509,1,1
6.51,1,1
6.511,1,1
6.512,1,1
6.513,1,1
6.514,1,1
6.515,1,1
6.516,1,1
6.517,1,1
6.518,1,1
6.519,1,1
6.52,1,1
6.521,1,1
6.522,1,1
6.523,1,1
6.524,1,1
6.525,1,1
6.526,1,1
6.527,1,1
6.528,1,1
6.529,1,1
6.53,1,1
6.531,1,1
6.532,1,1
6.533,1,1
6.534,1,1
6.535,1,1
6.536,1,1
6.537,1,1
6.538,1,1
6.539,1,1
6.54,1,1
6.541,1,1
6.542,1,1
6.543,1,1
6.544,1,1
6.545,1,1
6.546,1,1
6.547,1,1
6.548,1,1
6.549,1,1
6.55,1,1
6.551,1,1
6.552,1,1
6.553,1,1
6.554,1,1
6.555,1,1
6.556,1,1
6.557,1,1
6.558,1,1
6.559,1,1
6.56,1,1
6.561,1,1
6.562,1,1
6.563,1,1
6.564,1,1
6.565,1,1
6.566,1,1
6.567,1,1
6.568,1,1
6.569,1,1
6.57,1,1
6.571,1,1
6.572,1,1
6.573,1,1
6.574,1,1
6.575,1,1
6.576,1,1
6.577,1,1
6.578,1,1
6.579,1,1
6.58,1,1
6.581,1,1
6.582,1,1
6.583,1,1
6.584,1,1
6.585,1,1
6.586,1,1
6.587,1,1
6.588,1,1
6.589,1,1
6.59,1,1
6.591,1,1
6.592,1,1
6.593,1,1
6.594,1,1
6.595,1,1
6.596,1,1
6.597,1,1
6.598,1,1
6.599,1,1
6.6,1,1
6.601,1,1
6.602,1,1
6.603,1,1
6.604,1,1
6.605,1,1
6.606,1,1
6.607,1,1
6.608,1,1
6.609,1,1
6.61,1,1
6.611,1,1
6.612,1,1
6.613,1,1
6.614,1,1
6.615,1,1
6.616,1,1
6.617,1,1
6.618,1,1
6.619,1,1
6.62,1,1
6.621,1,1
6.622,1,1
6.623,1,1
6.624,1,1
6.625,1,1
6.626,1,1
6.627,1,1
6.628,1,1
6.629,1,1
6.63,1,1
6.631,1,1
6.632,1,1
6.633,1,1
6.634,1,1
6.635,1,1
6.636,1,1
6.637,1,1
6.638,1,1
6.639,1,1
6.64,1,1
6.641,1,1
6.642,1,1
6.643,1,1
6.644,1,1
6.645,1,1
6.646,1,1
6.647,1,1
6.648,1,1
6.649,1,1
6.65,1,1
6.651,1,1
6.652,1,1
6.653,1,1
6.654,1,1
6.655,1,1
6.656,1,1
6.657,1,1
6.658,1,1
6.659,1,1
6.66,1,1
6.661,1,1
6.662,1,1
6.663,1,1
6.664,1,1
6.665,1,1
6.666,1,1
6.667,1,1
6.668,1,1
6.669,1,1
6.67,1,1
6.671,1,1
6.672,1,1
6.673,1,1
6.674,1,1
6.675,1,1
6.676,1,1
6.677,1,1
6.678,1,1
6.679,1,1
6.68,1,1
6.681,1,1
6.682,1,1
6.683,1,1
6.684,1,1
6.685,1,1
6.686,1,1
6.687,1,1
6.688,1,1
6.689,1,1
6.69,1,1
6.691,1,1
6.692,1,1
6.693,1,1
6.694,1,1
6.695,1,1
6.696,1,1
6.697,1,1
6.698,1,1
6.699,1,1
6.7,1,1
6.701,1,1
6.702,1,1
6.703,1,1
6.704,1,1
6.705,1,1
6.706,1,1
6.707,1,1
6.708,1,1
6.709,1,1
6.71,1,1
6.711,1,1
6.712,1,1
6.713,1,1
6.714,1,1
6.715,1,1
6.716,1,1
6.717,1,1
6.718,1,1
6.719,1,1
6.72,1,1
6.721,1,1
6.722,1,1
6.723,1,1
6.724,1,1
6.725,1,1
6.726,1,1
6.727,1,1
6.728,1,1
6.729,1,1
6.73,1,1
6.731,1,1
6.732,1,1
6.733,1,1
6.734,1,1
6.735,1,1
6.736,1,1
6.737,1,1
6.738,1,1
6.739,1,1
6.74,1,1
6.741,1,1
6.742,1,1
6.743,1,1
6.744,1,1
6.745,1,1
6.746,1,1
6.747,1,1
6.748,1,1
6.749,1,1
6.75,1,1
6.751,1,1
6.752,1,1
6.753,1,1
6.754,1,1
6.755,1,1
6.756,1,1
6.757,1,1
6.758,1,1
6.759,1,1
6.76,1,1
6.761,1,1
6.762,1,1
6.763,1,1
6.764,1,1
6.765,1,1
6.766,1,1
6.767,1,1
6.768,1,1
6.769,1,1
6.77,1,1
6.771,1,1
6.772,1,1
6.773,1,1
6.774,1,1
6.775,1,1
6.776,1,1
6.777,1,1
6.778,1,1
6.779,1,1
6.78,1,1
6.781,1,1
6.782,1,1
6.783,1,1
6.784,1,1
6.785,1,1
6.786,1,1
6.787,1,1
6.788,1,1
6.789,1,1
6.79,1,1
6.791,1,1
6.792,1,1
6.793,1,1
6.794,1,1
6.795,1,1
6.796,1,1
6.797,1,1
6.798,1,1
6.799,1,1
6.8,1,1
6.801,1,1
6.802,1,1
6.803,1,1
6.804,1,1
6.805,1,1
6.806,1,1
6.807,1,1
6.808,1,1
6.809,1,1
6.81,1,1
6.811,1,1
6.812,1,1
6.813,1,1
6.814,1,1
6.815,1,1
6.816,1,1
6.817,1,1
6.818,1,1
6.819,1,1
6.82,1,1
6.821,1,1
6.822,1,1
6.823,1,1
6.824,1,1
6.825,1,1
6.826,1,1
6.827,1,1
6.828,1,1
6.829,1,1
6.83,1,1
6.831,1,1
6.832,1,1
6.833,1,1
6.834,1,1
6.835,1,1
6.836,1,1
6.837,1,1
6.838,1,1
6.839,1,1
6.84,1,1
6.841,1,1
6.842,1,1
6.843,1,1
6.844,1,1
6.845,1,1
6.846,1,1
6.847,1,1
6.848,1,1
6.849,1,1
6.85,1,1
6.851,1,1
6.852,1,1
6.853,1,1
6.854,1,1
6.855,1,1
6.856,1,1
6.857,1,1
6.858,1,1
6.859,1,1
6.86,1,1
6.861,1,1
6.862,1,1
6.863,1,1
6.864,1,1
6.865,1,1
6.866,1,1
6.867,1,1
6.868,1,1
6.869,1,1
6.87,1,1
6.871,1,1
6.872,1,1
6.873,1,1
6.874,1,1
6.875,1,1
6.876,1,1
6.877,1,1
6.878,1,1
6.879,1,1
6.88,1,1
6.881,1,1
6.882,1,1
6.883,1,1
6.884,1,1
6.885,1,1
6.886,1,1
6.887,1,1
6.888,1,1
6.889,1,1
6.89,1,1
6.891,1,1
6.892,1,1
6.893,1,1
6.894,1,1
6.895,1,1
6.896,1,1
6.897,1,1
6.898,1,1
6.899,1,1
6.9,1,1
6.901,1,1
6.902,1,1
6.903,1,1
6.904,1,1
6.905,1,1
6.906,1,1
6.907,1,1
6.908,1,1
6.909,1,1
6.91,1,1
6.911,1,1
6.912,1,1
6.913,1,1
6.914,1,1
6.915,1,1
6.916,1,1
6.917,1,1
6.918,1,1
6.919,1,1
6.92,1,1
6.921,1,1
6.922,1,1
6.923,1,1
6.924,1,1
6.925,1,1
6.926,1,1
6.927,1,1
6.928,1,1
6.929,1,1
6.93,1,1
6.931,1,1
6.932,1,1
6.933,1,1
6.934,1,1
6.935,1,1
6.936,1,1
6.937,1,1
6.938,1,1
6.939,1,1
6.94,1,1
6.941,1,1
6.942,1,1
6.943,1,1
6.944,1,1
6.945,1,1
6.946,1,1
6.947,1,1
6.948,1,1
6.949,1,1
6.95,1,1
6.951,1,1
6.952,1,1
6.953,1,1
6.954,1,1
6.955,1,1
6.956,1,1
6.957,1,1
6.958,1,1
6.959,1,1
6.96,1,1
6.961,1,1
6.962,1,1
6.963,1,1
6.964,1,1
6.965,1,1
6.966,1,1
6.967,1,1
6.968,1,1
6.969,1,1
6.97,1,1
6.971,1,1
6.972,1,1
6.973,1,1
6.974,1,1
6.975,1,1
6.976,1,1
6.977,1,1
6.978,1,1
6.979,1,1
6.98,1,1
6.981,1,1
6.982,1,1
6.983,1,1
6.984,1,1
6.985,1,1
6.986,1,1
6.987,1,1
6.988,1,1
6.989,1,1
6.99,1,1
6.991,1,1
6.992,1,1
6.993,1,1
6.994,1,1
6.995,1,1
6.996,1,1
6.997,1,1
6.998,1,1
6.999,1,1
7,1,1
7.001,1,1
7.002,1,1
7.003,1,1
7.004,1,1
7.005,1,1
7.006,1,1
7.007,1,1
7.008,1,1
7.009,1,1
7.01,1,1
7.011,1,1
7.012,1,1
7.013,1,1
7.014,1,1
7.015,1,1
7.016,1,1
7.017,1,1
7.018,1,1
7.019,1,1
7.02,1,1
7.021,1,1
7.022,1,1
7.023,1,1
7.024,1,1
7.025,1,1
7.026,1,1
7.027,1,1
7.028,1,1
7.029,1,1
7.03,1,1
7.031,1,1
7.032,1,1
7.033,1,1
7.034,1,1
7.035,1,1
7.036,1,1
7.037,1,1
7.038,1,1
7.039,1,1
7.04,1,1
7.041,1,1
7.042,1,1
7.043,1,1
7.044,1,1
7.045,1,1
7.046,1,1
7.047,1,1
7.048,1,1
7.049,1,1
7.05,1,1
7.051,1,1
7.052,1,1
7.053,1,1
7.054,1,1
7.055,1,1
7.056,1,1
7.057,1,1
7.058,1,1
7.059,1,1
7.06,1,1
7.061,1,1
7.062,1,1
7.063,1,1
7.064,1,1
7.065,1,1
7.066,1,1
7.067,1,1
7.068,1,1
7.069,1,1
7.07,1,1
7.071,1,1
7.072,1,1
7.073,1,1
7.074,1,1
7.075,1,1
7.076,1,1
7.077,1,1
7.078,1,1
7.079,1,1
7.08,1,1
7.081,1,1
7.082,1,1
7.083,1,1
7.084,1,1
7.085,1,1
7.086,1,1
7.087,1,1
7.088,1,1
7.089,1,1
7.09,1,1
7.091,1,1
7.092,1,1
7.093,1,1
7.094,1,1
7.095,1,1
7.096,1,1
7.097,1,1
7.098,1,1
7.099,1,1
7.1,1,1
7.101,1,1
7.102,1,1
7.103,1,1
7.104,1,1
7.105,1,1
7.106,1,1
7.107,1,1
7.108,1,1
7.109,1,1
7.11,1,1
7.111,1,1
7.112,1,1
7.113,1,1
7.114,1,1
7.115,1,1
7.116,1,1
7.117,1,1
7.118,1,1
7.119,1,1
7.12,1,1
7.121,1,1
7.122,1,1
7.123,1,1
7.124,1,1
7.125,1,1
7.126,1,1
7.127,1,1
7.128,1,1
7.129,1,1
7.13,1,1
7.131,1,1
7.132,1,1
7.133,1,1
7.134,1,1
7.135,1,1
7.136,1,1
7.137,1,1
7.138,1,1
7.139,1,1
7.14,1,1
7.141,1,1
7.142,1,1
7.143,1,1
7.144,1,1
7.145,1,1
7.146,1,1
7.147,1,1
7.148,1,1
7.149,1,1
7.15,1,1
7.151,1,1
7.152,1,1
7.153,1,1
7.154,1,1
7.155,1,1
7.156,1,1
7.157,1,1
7.158,1,1
7.159,1,1
7.16,1,1
7.161,1,1
7.162,1,1
7.163,1,1
7.164,1,1
7.165,1,1
7.166,1,1
7.167,1,1
7.168,1,1
7.169,1,1
7.17,1,1
7.171,1,1
7.172,1,1
7.173,1,1
7.174,1,1
7.175,1,1
7.176,1,1
7.177,1,1
7.178,1,1
7.179,1,1
7.18,1,1
7.181,1,1
7.182,1,1
7.183,1,1
7.184,1,1
7.185,1,1
7.186,1,1
7.187,1,1
7.188,1,1
7.189,1,1
7.19,1,1
7.191,1,1
7.192,1,1
7.193,1,1
7.194,1,1
7.195,1,1
7.196,1,1
7.197,1,1
7.198,1,1
7.199,1,1
7.2,1,1
7.201,1,1
7.202,1,1
7.203,1,1
7.204,1,1
7.205,1,1
7.206,1,1
7.207,1,1
7.208,1,1
7.209,1,1
7.21,1,1
7.211,1,1
7.212,1,1
7.213,1,1
7.214,1,1
7.215,1,1
7.216,1,1
7.217,1,1
7.218,1,1
7.219,1,1
7.22,1,1
7.221,1,1
7.222,1,1
7.223,1,1
7.224,1,1
7.225,1,1
7.226,1,1
7.227,1,1
7.228,1,1
7.229,1,1
7.23,1,1
7.231,1,1
7.232,1,1
7.233,1,1
7.234,1,1
7.235,1,1
7.236,1,1
7.237,1,1
7.238,1,1
7.239,1,1
7.24,1,1
7.241,1,1
7.242,1,1
7.243,1,1
7.244,1,1
7.245,1,1
7.246,1,1
7.247,1,1
7.248,1,1
7.249,1,1
7.25,1,1
7.251,1,1
7.252,1,1
7.253,1,1
7.254,1,1
7.255,1,1
7.256,1,1
7.257,1,1
7.258,1,1
7.259,1,1
7.26,1,1
7.261,1,1
7.262,1,1
7.263,1,1
7.264,1,1
7.265,1,1
7.266,1,1
7.267,1,1
7.268,1,1
7.269,1,1
7.27,1,1
7.271,1,1
7.272,1,1
7.273,1,1
7.274,1,1
7.275,1,1
7.276,1,1
7.277,1,1
7.278,1,1
7.279,1,1
7.28,1,1
7.281,1,1
7.282,1,1
7.283,1,1
7.284,1,1
7.285,1,1
7.286,1,1
7.287,1,1
7.288,1,1
7.289,1,1
7.29,1,1
7.291,1,1
7.292,1,1
7.293,1,1
7.294,1,1
7.295,1,1
7.296,1,1
7.297,1,1
7.298,1,1
7.299,1,1
7.3,1,1
7.301,1,1
7.302,1,1
7.303,1,1
7.304,1,1
7.305,1,1
7.306,1,1
7.307,1,1
7.308,1,1
7.309,1,1
7.31,1,1
7.311,1,1
7.312,1,1
7.313,1,1
7.314,1,1
7.315,1,1
7.316,1,1
7.317,1,1
7.318,1,1
7.319,1,1
7.32,1,1
7.321,1,1
7.322,1,1
7.323,1,1
7.324,1,1
7.325,1,1
7.326,1,1
7.327,1,1
7.328,1,1
7.329,1,1
7.33,1,1
7.331,1,1
7.332,1,1
7.333,1,1
7.334,1,1
7.335,1,1
7.336,1,1
7.337,1,1
7.338,1,1
7.339,1,1
7.34,1,1
7.341,1,1
7.342,1,1
7.343,1,1
7.344,1,1
7.345,1,1
7.346,1,1
7.347,1,1
7.348,1,1
7.349,1,1
7.35,1,1
7.351,1,1
7.352,1,1
7.353,1,1
7.354,1,1
7.355,1,1
7.356,1,1
7.357,1,1
7.358,1,1
7.359,1,1
7.36,1,1
7.361,1,1
7.362,1,1
7.363,1,1
7.364,1,1
7.365,1,1
7.366,1,1
7.367,1,1
7.368,1,1
7.369,1,1
7.37,1,1
7.371,1,1
7.372,1,1
7.373,1,1
7.374,1,1
7.375,1,1
7.376,1,1
7.377,1,1
7.378,1,1
7.379,1,1
7.38,1,1
7.381,1,1
7.382,1,1
7.383,1,1
7.384,1,1
7.385,1,1
7.386,1,1
7.387,1,1
7.388,1,1
7.389,1,1
7.39,1,1
7.391,1,1
7.392,1,1
7.393,1,1
7.394,1,1
7.395,1,1
7.396,1,1
7.397,1,1
7.398,1,1
7.399,1,1
7.4,1,1
7.401,1,1
7.402,1,1
7.403,1,1
7.404,1,1
7.405,1,1
7.406,1,1
7.407,1,1
7.408,1,1
7.409,1,1
7.41,1,1
7.411,1,1
7.412,1,1
7.413,1,1
7.414,1,1
7.415,1,1
7.416,1,1
7.417,1,1
7.418,1,1
7.419,1,1
7.42,1,1
7.421,1,1
7.422,1,1
7.423,1,1
7.424,1,1
7.425,1,1
7.426,1,1
7.427,1,1
7.428,1,1
7.429,1,1
7.43,1,1
7.431,1,1
7.432,1,1
7.433,1,1
7.434,1,1
7.435,1,1
7.436,1,1
7.437,1,1
7.438,1,1
7.439,1,1
7.44,1,1
7.441,1,1
7.442,1,1
7.443,3,1
7.444,3,1
7.445,3,1
7.446,3,1
7.447,3,1
7.448,3,1
7.449,3,1
7.45,3,1
7.451,3,1
7.452,3,1
7.453,3,1
7.454,3,1
7.455,3,1
7.456,3,1
7.457,3,1
7.458,3,1
7.459,3,1
7.46,3,1
7.461,3,1
7.462,3,1
7.463,3,1
7.464,3,1
7.465,3,1
7.466,3,1
7.467,3,1
7.468,3,1
7.469,3,1
7.47,3,1
7.471,3,1
7.472,3,1
7.473,3,1
7.474,3,1
7.475,3,1
7.476,3,1
7.477,3,1
7.478,3,1
7.479,3,1
7.48,3,1
7.481,3,1
7.482,3,1
7.483,3,1
7.484,3,1
7.485,3,1
7.486,3,1
7.487,3,1
7.488,3,1
7.489,3,1
7.49,3,1
7.491,3,1
7.492,3,1
7.493,3,1
7.494,3,1
7.495,3,1
7.496,3,1
7.497,3,1
7.498,3,1
7.499,3,1
7.5,3,1
7.501,3,1
7.502,3,1
7.503,3,1
7.504,3,1
7.505,3,1
7.506,3,1
7.507,3,1
7.508,3,1
7.509,3,1
7.51,3,1
7.511,3,1
7.512,3,1
7.513,3,1
7.514,3,1
7.515,3,1
7.516,3,1
7.517,3,1
7.518,3,1
7.519,3,1
7.52,3,1
7.521,3,1
7.522,3,1
7.523,3,1
7.524,3,1
7.525,3,1
7.526,3,1
7.527,3,1
7.528,3,1
7.529,3,1
7.53,3,1
7.531,3,1
7.532,3,1
7.533,3,1
7.534,3,1
7.535,3,1
7.536,3,1
7.537,3,1
7.538,3,1
7.539,3,1
7.54,3,1
7.541,3,1
7.542,3,1
7.543,3,1
7.544,3,1
7.545,3,1
7.546,3,1
7.547,3,1
7.548,3,1
7.549,3,1
7.55,3,1
7.551,3,1
7.552,3,1
7.553,3,1
7.554,3,1
7.555,3,1
7.556,3,1
7.557,3,1
7.558,3,1
7.559,3,1
7.56,3,1
7.561,3,1
7.562,3,1
7.563,3,1
7.564,3,1
7.565,3,1
7.566,3,1
7.567,3,1
7.568,3,1
7.569,3,1
7.57,3,1
7.571,3,1
7.572,3,1
7.573,3,1
7.574,3,1
7.575,3,1
7.576,3,1
7.577,3,1
7.578,3,1
7.579,3,1
7.58,3,1
7.581,3,1
7.582,3,1
7.583,3,1
7.584,3,1
7.585,3,1
7.586,3,1
7.587,3,1
7.588,3,1
7.589,3,1
7.59,3,1
7.591,3,1
7.592,3,1
7.593,3,1
7.594,3,1
7.595,3,1
7.596,3,1
7.597,3,1
7.598,3,1
7.599,3,1
7.6,3,1
7.601,3,1
7.602,3,1
7.603,3,1
7.604,3,1
7.605,3,1
7.606,3,1
7.607,3,1
7.608,3,1
7.609,3,1
7.61,3,1
7.611,3,1
7.612,3,1
7.613,3,1
7.614,3,1
7.615,3,1
7.616,3,1
7.617,3,1
7.618,3,1
7.619,3,1
7.62,3,1
7.621,3,1
7.622,1,1
7.623,1,1
7.624,1,1
7.625,1,1
7.626,1,1
7.627,1,1
7.628,1,1
7.629,1,1
7.63,1,1
7.631,1,1
7.632,1,1
7.633,1,1
7.634,1,1
7.635,1,1
7.636,1,1
7.637,1,1
7.638,1,1
7.639,1,1
7.64,1,1
7.641,1,1
7.642,1,1
7.643,1,1
7.644,1,1
7.645,1,1
7.646,1,1
7.647,1,1
7.648,1,1
7.649,1,1
7.65,1,1
7.651,1,1
7.652,1,1
7.653,1,1
7.654,1,1
7.655,1,1
7.656,1,1
7.657,1,1
7.658,1,1
7.659,1,1
7.66,1,1
7.661,1,1
7.662,1,1
7.663,1,1
7.664,1,1
7.665,1,1
7.666,1,1
7.667,1,1
7.668,1,1
7.669,1,1
7.67,1,1
7.671,1,1
7.672,1,1
7.673,1,1
7.674,1,1
7.675,1,1
7.676,1,1
7.677,1,1
7.678,1,1
7.679,1,1
7.68,1,1
7.681,1,1
7.682,1,1
7.683,1,1
7.684,1,1
7.685,1,1
7.686,1,1
7.687,1,1
7.688,1,1
7.689,1,1
7.69,1,1
7.691,1,1
7.692,1,1
7.693,1,1
7.694,1,1
7.695,1,1
7.696,1,1
7.697,1,1
7.698,1,1
7.699,1,1
7.7,1,1
7.701,1,1
7.702,1,1
7.703,1,1
7.704,1,1
7.705,1,1
7.706,1,1
7.707,1,1
7.708,1,1
7.709,1,1
7.71,1,1
7.711,1,1
7.712,1,1
7.713,1,1
7.714,1,1
7.715,1,1
7.716,1,1
7.717,1,1
7.718,1,1
7.719,1,1
7.72,1,1
7.721,1,1
7.722,1,1
7.723,1,1
7.724,1,1
7.725,1,1
7.726,1,1
7.727,1,1
7.728,1,1
7.729,1,1
7.73,1,1
7.731,1,1
7.732,1,1
7.733,1,1
7.734,1,1
7.735,1,1
7.736,1,1
7.737,1,1
7.738,1,1
7.739,1,1
7.74,1,1
7.741,1,1
7.742,1,1
7.743,1,1
7.744,1,1
7.745,1,1
7.746,1,1
7.747,1,1
7.748,1,1
7.749,1,1
7.75,1,1
7.751,1,1
7.752,1,1
7.753,1,1
7.754,1,1
7.755,1,1
7.756,1,1
7.757,1,1
7.758,1,1
7.759,1,1
7.76,1,1
7.761,1,1
7.762,1,1
7.763,1,1
7.764,1,1
7.765,1,1
7.766,1,1
7.767,1,1
7.768,1,1
7.769,1,1
7.77,1,1
7.771,1,1
7.772,1,1
7.773,1,1
7.774,1,1
7.775,1,1
7.776,1,1
7.777,1,1
7.778,1,1
7.779,1,1
7.78,1,1
7.781,1,1
7.782,1,1
7.783,1,1
7.784,1,1
7.785,1,1
7.786,1,1
7.787,1,1
7.788,1,1
7.789,1,1
7.79,1,1
7.791,1,1
7.792,1,1
7.793,1,1
7.794,1,1
7.795,1,1
7.796,1,1
7.797,1,1
7.798,1,1
7.799,1,1
7.8,1,1
7.801,1,1
7.802,1,1
7.803,1,1
7.804,1,1
7.805,1,1
7.806,1,1
7.807,1,1
7.808,1,1
7.809,1,1
7.81,1,1
7.811,1,1
7.812,1,1
7.813,1,1
7.814,1,1
7.815,1,1
7.816,1,1
7.817,1,1
7.818,1,1
7.819,1,1
7.82,1,1
7.821,1,1
7.822,1,1
7.823,1,1
7.824,1,1
7.825,1,1
7.826,1,1
7.827,1,1
7.828,1,1
7.829,1,1
7.83,1,1
7.831,1,1
7.832,1,1
7.833,1,1
7.834,1,1
7.835,1,1
7.836,1,1
7.837,1,1
7.838,1,1
7.839,1,1
7.84,1,1
7.841,1,1
7.842,1,1
7.843,1,1
7.844,1,1
7.845,1,1
7.846,1,1
7.847,1,1
7.848,1,1
7.849,1,1
7.85,1,1
7.851,1,1
7.852,1,1
7.853,1,1
7.854,1,1
7.855,1,1
7.856,1,1
7.857,1,1
7.858,1,1
7.859,1,1
7.86,1,1
7.861,1,1
7.862,1,1
7.863,1,1
7.864,1,1
7.865,1,1
7.866,1,1
7.867,1,1
7.868,1,1
7.869,1,1
7.87,1,1
7.871,1,1
7.872,1,1
7.873,1,1
7.874,1,1
7.875,1,1
7.876,1,1
7.877,1,1
7.878,1,1
7.879,1,1
7.88,1,1
7.881,1,1
7.882,1,1
7.883,1,1
7.884,1,1
7.885,1,1
7.886,1,1
7.887,1,1
7.888,1,1
7.889,1,1
7.89,1,1
7.891,1,1
7.892,1,1
7.893,1,1
7.894,1,1
7.895,1,1
7.896,1,1
7.897,1,1
7.898,1,1
7.899,1,1
7.9,1,1
7.901,1,1
7.902,1,1
7.903,1,1
7.904,1,1
7.905,1,1
7.906,1,1
7.907,1,1
7.908,1,1
7.909,1,1
7.91,1,1
7.911,1,1
7.912,1,1
7.913,1,1
7.914,1,1
7.915,1,1
7.916,1,1
7.917,1,1
7.918,1,1
7.919,1,1
7.92,1,1
7.921,1,1
7.922,1,1
7.923,1,1
7.924,1,1
7.925,1,1
7.926,1,1
7.927,1,1
7.928,1,1
7.929,1,1
7.93,1,1
7.931,1,1
7.932,1,1
7.933,1,1
7.934,1,1
7.935,1,1
7.936,1,1
7.937,1,1
7.938,1,1
7.939,1,1
7.94,1,1
7.941,1,1
7.942,1,1
7.943,1,1
7.944,1,1
7.945,1,1
7.946,1,1
7.947,1,1
7.948,1,1
7.949,1,1
7.95,1,1
7.951,1,1
7.952,1,1
7.953,1,1
7.954,1,1
7.955,1,1
7.956,1,1
7.957,1,1
7.958,1,1
7.959,1,1
7.96,1,1
7.961,1,1
7.962,1,1
7.963,1,1
7.964,1,1
7.965,1,1
7.966,1,1
7.967,1,1
7.968,1,1
7.969,1,1
7.97,1,1
7.971,1,1
7.972,1,1
7.973,1,1
7.974,1,1
7.975,1,1
7.976,1,1
7.977,1,1
7.978,1,1
7.979,1,1
7.98,1,1
7.981,1,1
7.982,1,1
7.983,1,1
7.984,1,1
7.985,1,1
7.986,1,1
7.987,1,1
7.988,1,1
7.989,1,1
7.99,1,1
7.991,1,1
7.992,1,1
7.993,1,1
7.994,1,1
7.995,1,1
7.996,1,1
7.997,1,1
7.998,1,1
7.999,1,1
8,1,1
8.001,1,1
8.002,1,1
8.003,1,1
8.004,1,1
8.005,1,1
8.006,1,1
8.007,1,1
8.008,1,1
8.009,1,1
8.01,1,1
8.011,1,1
8.012,1,1
8.013,1,1
8.014,1,1
8.015,1,1
8.016,1,1
8.017,1,1
8.018,1,1
8.019,1,1
8.02,1,1
8.021,1,1
8.022,1,1
8.023,1,1
8.024,1,1
8.025,1,1
8.026,1,1
8.027,1,1
8.028,1,1
8.029,1,1
8.03,1,1
8.031,1,1
8.032,1,1
8.033,1,1
8.034,1,1
8.035,1,1
8.036,1,1
8.037,1,1
8.038,1,1
8.039,1,1
8.04,1,1
8.041,1,1
8.042,1,1
8.043,1,1
8.044,1,1
8.045,1,1
8.046,1,1
8.047,1,1
8.048,1,1
8.049,1,1
8.05,1,1
8.051,3,1
8.052,3,1
8.053,3,1
8.054,3,1
8.055,3,1
8.056,3,1
8.057,3,1
8.058,3,1
8.059,3,1
8.06,3,1
8.061,3,1
8.062,3,1
8.063,3,1
8.064,3,1
8.065,3,1
8.066,3,1
8.067,3,1
8.068,3,1
8.069,3,1
8.07,3,1
8.071,3,1
8.072,3,1
8.073,3,1
8.074,3,1
8.075,3,1
8.076,3,1
8.077,3,1
8.078,3,1
8.079,3,1
8.08,3,1
8.081,3,1
8.082,3,1
8.083,3,1
8.084,3,1
8.085,3,1
8.086,3,1
8.087,3,1
8.088,3,1
8.089,3,1
8.09,3,1
8.091,3,1
8.092,3,1
8.093,3,1
8.094,3,1
8.095,3,1
8.096,3,1
8.097,3,1
8.098,3,1
8.099,3,1
8.1,3,1
8.101,3,1
8.102,3,1
8.103,3,1
8.104,3,1
8.105,3,1
8.106,3,1
8.107,3,1
8.108,3,1
8.109,3,1
8.11,3,1
8.111,3,1
8.112,3,1
8.113,3,1
8.114,3,1
8.115,3,1
8.116,3,1
8.117,3,1
8.118,3,1
8.119,3,1
8.12,3,1
8.121,3,1
8.122,3,1
8.123,3,1
8.124,3,1
8.125,3,1
8.126,3,1
8.127,3,1
8.128,3,1
8.129,3,1
8.13,3,1
8.131,3,1
8.132,3,1
8.133,3,1
8.134,3,1
8.135,3,1
8.136,3,1
8.137,3,1
8.138,3,1
8.139,3,1
8.14,3,1
8.141,3,1
8.142,3,1
8.143,3,1
8.144,3,1
8.145,3,1
8.146,3,1
8.147,3,1
8.148,3,1
8.149,3,1
8.15,3,1
8.151,3,1
8.152,3,1
8.153,3,1
8.154,3,1
8.155,3,1
8.156,3,1
8.157,3,1
8.158,3,1
8.159,3,1
8.16,3,1
8.161,3,1
8.162,3,1
8.163,3,1
8.164,3,1
8.165,3,1
8.166,3,1
8.167,3,1
8.168,3,1
8.169,3,1
8.17,3,1
8.171,3,1
8.172,3,1
8.173,3,1
8.174,3,1
8.175,3,1
8.176,3,1
8.177,3,1
8.178,3,1
8.179,3,1
8.18,3,1
8.181,3,1
8.182,3,1
8.183,3,1
8.184,3,1
8.185,3,1
8.186,3,1
8.187,3,1
8.188,3,1
8.189,3,1
8.19,3,1
8.191,3,1
8.192,3,1
8.193,3,1
8.194,3,1
8.195,3,1
8.196,3,1
8.197,3,1
8.198,3,1
8.199,3,1
8.2,3,1
8.201,3,1
8.202,3,1
8.203,3,1
8.204,3,1
8.205,3,1
8.206,3,1
8.207,3,1
8.208,3,1
8.209,3,1
8.21,3,1
8.211,3,1
8.212,1,1
8.213,1,1
8.214,1,1
8.215,1,1
8.216,1,1
8.217,1,1
8.218,1,1
8.219,1,1
8.22,1,1
8.221,1,1
8.222,1,1
8.223,1,1
8.224,1,1
8.225,1,1
8.226,1,1
8.227,1,1
8.228,1,1
8.229,1,1
8.23,1,1
8.231,1,1
8.232,1,1
8.233,1,1
8.234,1,1
8.235,1,1
8.236,1,1
8.237,1,1
8.238,1,1
8.239,1,1
8.24,1,1
8.241,1,1
8.242,1,1
8.243,1,1
8.244,1,1
8.245,1,1
8.246,1,1
8.247,1,1
8.248,1,1
8.249,1,1
8.25,1,1
8.251,1,1
8.252,1,1
8.253,1,1
8.254,1,1
8.255,1,1
8.256,1,1
8.257,1,1
8.258,1,1
8.259,1,1
8.26,1,1
8.261,1,1
8.262,1,1
8.263,1,1
8.264,1,1
8.265,1,1
8.266,1,1
8.267,1,1
8.268,1,1
8.269,1,1
8.27,1,1
8.271,1,1
8.272,1,1
8.273,1,1
8.274,1,1
8.275,1,1
8.276,1,1
8.277,1,1
8.278,1,1
8.279,1,1
8.28,1,1
8.281,1,1
8.282,1,1
8.283,1,1
8.284,1,1
8.285,1,1
8.286,1,1
8.287,1,1
8.288,1,1
8.289,1,1
8.29,1,1
8.291,1,1
8.292,1,1
8.293,1,1
8.294,1,1
8.295,1,1
8.296,1,1
8.297,1,1
8.298,1,1
8.299,1,1
8.3,1,1
8.301,1,1
8.302,1,1
8.303,1,1
8.304,1,1
8.305,1,1
8.306,1,1
8.307,1,1
8.308,1,1
8.309,1,1
8.31,1,1
8.311,1,1
8.312,1,1
8.313,1,1
8.314,1,1
8.315,1,1
8.316,1,1
8.317,1,1
8.318,1,1
8.319,1,1
8.32,1,1
8.321,1,1
8.322,1,1
8.323,1,1
8.324,1,1
8.325,1,1
8.326,1,1
8.327,1,1
8.328,1,1
8.329,1,1
8.33,1,1
8.331,1,1
8.332,1,1
8.333,1,1
8.334,1,1
8.335,1,1
8.336,1,1
8.337,1,1
8.338,1,1
8.339,1,1
8.34,1,1
8.341,1,1
8.342,1,1
8.343,1,1
8.344,1,1
8.345,1,1
8.346,1,1
8.347,1,1
8.348,1,1
8.349,1,1
8.35,1,1
8.351,1,1
8.352,1,1
8.353,1,1
8.354,1,1
8.355,1,1
8.356,1,1
8.357,1,1
8.358,1,1
8.359,1,1
8.36,1,1
8.361,1,1
8.362,1,1
8.363,1,1
8.364,1,1
8.365,1,1
8.366,1,1
8.367,1,1
8.368,1,1
8.369,1,1
8.37,1,1
8.371,1,1
8.372,1,1
8.373,1,1
8.374,1,1
8.375,1,1
8.376,1,1
8.377,1,1
8.378,1,1
8.379,1,1
8.38,1,1
8.381,1,1
8.382,1,1
8.383,1,1
8.384,1,1
8.385,1,1
8.386,1,1
8.387,1,1
8.388,1,1
8.389,1,1
8.39,1,1
8.391,1,1
8.392,1,1
8.393,1,1
8.394,1,1
8.395,1,1
8.396,1,1
8.397,1,1
8.398,1,1
8.399,1,1
8.4,1,1
8.401,1,1
8.402,1,1
8.403,1,1
8.404,1,1
8.405,1,1
8.406,1,1
8.407,1,1
8.408,1,1
8.409,1,1
8.41,1,1
8.411,1,1
8.412,1,1
8.413,1,1
8.414,1,1
8.415,1,1
8.416,1,1
8.417,1,1
8.418,1,1
8.419,1,1
8.42,1,1
8.421,1,1
8.422,1,1
8.423,1,1
8.424,1,1
8.425,1,1
8.426,1,1
8.427,1,1
8.428,1,1
8.429,1,1
8.43,1,1
8.431,1,1
8.432,1,1
8.433,1,1
8.434,1,1
8.435,1,1
8.436,1,1
8.437,1,1
8.438,1,1
8.439,1,1
8.44,1,1
8.441,1,1
8.442,1,1
8.443,1,1
8.444,1,1
8.445,1,1
8.446,1,1
8.447,1,1
8.448,1,1
8.449,1,1
8.45,1,1
8.451,1,1
8.452,1,1
8.453,1,1
8.454,1,1
8.455,1,1
8.456,1,1
8.457,1,1
8.458,1,1
8.459,1,1
8.46,1,1
8.461,1,1
8.462,1,1
8.463,1,1
8.464,1,1
8.465,1,1
8.466,1,1
8.467,1,1
8.468,1,1
8.469,1,1
8.47,1,1
8.471,1,1
8.472,1,1
8.473,1,1
8.474,1,1
8.475,1,1
8.476,1,1
8.477,1,1
8.478,1,1
8.479,1,1
8.48,1,1
8.481,1,1
8.482,1,1
8.483,1,1
8.484,1,1
8.485,1,1
8.486,1,1
8.487,1,1
8.488,1,1
8.489,1,1
8.49,1,1
8.491,1,1
8.492,1,1
8.493,1,1
8.494,1,1
8.495,1,1
8.496,1,1
8.497,1,1
8.498,1,1
8.499,1,1
8.5,1,1
8.501,1,1
8.502,1,1
8.503,1,1
8.504,1,1
8.505,1,1
8.506,1,1
8.507,1,1
8.508,1,1
8.509,1,1
8.51,1,1
8.511,1,1
8.512,1,1
8.513,1,1
8.514,1,1
8.515,1,1
8.516,1,1
8.517,1,1
8.518,1,1
8.519,1,1
8.52,1,1
8.521,1,1
8.522,1,1
8.523,1,1
8.524,1,1
8.525,1,1
8.526,1,1
8.527,1,1
8.528,1,1
8.529,1,1
8.53,1,1
8.531,1,1
8.532,1,1
8.533,1,1
8.534,1,1
8.535,1,1
8.536,1,1
8.537,1,1
8.538,1,1
8.539,1,1
8.54,1,1
8.541,1,1
8.542,1,1
8.543,1,1
8.544,1,1
8.545,1,1
8.546,1,1
8.547,1,1
8.548,1,1
8.549,1,1
8.55,1,1
8.551,1,1
8.552,1,1
8.553,1,1
8.554,1,1
8.555,1,1
8.556,1,1
8.557,1,1
8.558,1,1
8.559,1,1
8.56,1,1
8.561,1,1
8.562,1,1
8.563,1,1
8.564,1,1
8.565,1,1
8.566,1,1
8.567,1,1
8.568,1,1
8.569,1,1
8.57,1,1
8.571,1,1
8.572,1,1
8.573,1,1
8.574,1,1
8.575,1,1
8.576,1,1
8.577,1,1
8.578,1,1
8.579,1,1
8.58,1,1
8.581,1,1
8.582,1,1
8.583,1,1
8.584,1,1
8.585,1,1
8.586,1,1
8.587,1,1
8.588,1,1
8.589,1,1
8.59,1,1
8.591,1,1
8.592,1,1
8.593,1,1
8.594,1,1
8.595,1,1
8.596,1,1
8.597,1,1
8.598,1,1
8.599,1,1
8.6,1,1
8.601,1,1
8.602,1,1
8.603,1,1
8.604,1,1
8.605,1,1
8.606,1,1
8.607,1,1
8.608,1,1
8.609,3,1
8.61,3,1
8.611,3,1
8.612,3,1
8.613,3,1
8.614,3,1
8.615,3,1
8.616,3,1
8.617,3,1
8.618,3,1
8.619,3,1
8.62,3,1
8.621,3,1
8.622,3,1
8.623,3,1
8.624,3,1
8.625,3,1
8.626,3,1
8.627,3,1
8.628,3,1
8.629,3,1
8.63,3,1
8.631,3,1
8.632,3,1
8.633,3,1
8.634,3,1
8.635,3,1
8.636,3,1
8.637,3,1
8.638,3,1
8.639,3,1
8.64,3,1
8.641,3,1
8.642,3,1
8.643,3,1
8.644,3,1
8.645,3,1
8.646,3,1
8.647,3,1
8.648,3,1
8.649,3,1
8.65,3,1
8.651,3,1
8.652,3,1
8.653,3,1
8.654,3,1
8.655,3,1
8.656,3,1
8.657,3,1
8.658,3,1
8.659,3,1
8.66,3,1
8.661,3,1
8.662,3,1
8.663,3,1
8.664,3,1
8.665,3,1
8.666,3,1
8.667,3,1
8.668,3,1
8.669,3,1
8.67,3,1
8.671,3,1
8.672,3,1
8.673,3,1
8.674,3,1
8.675,3,1
8.676,3,1
8.677,3,1
8.678,3,1
8.679,3,1
8.68,3,1
8.681,3,1
8.682,3,1
8.683,3,1
8.684,3,1
8.685,3,1
8.686,3,1
8.687,3,1
8.688,3,1
8.689,3,1
8.69,3,1
8.691,3,1
8.692,3,1
8.693,3,1
8.694,3,1
8.695,3,1
8.696,3,1
8.697,3,1
8.698,3,1
8.699,3,1
8.7,3,1
8.701,3,1
8.702,3,1
8.703,3,1
8.704,3,1
8.705,3,1
8.706,3,1
8.707,3,1
8.708,3,1
8.709,3,1
8.71,3,1
8.711,3,1
8.712,3,1
8.713,3,1
8.714,3,1
8.715,3,1
8.716,3,1
8.717,3,1
8.718,3,1
8.719,3,1
8.72,3,1
8.721,3,1
8.722,3,1
8.723,3,1
8.724,3,1
8.725,3,1
8.726,3,1
8.727,3,1
8.728,3,1
8.729,3,1
8.73,3,1
8.731,3,1
8.732,3,1
8.733,3,1
8.734,3,1
8.735,3,1
8.736,3,1
8.737,3,1
8.738,3,1
8.739,3,1
8.74,3,1
8.741,3,1
8.742,3,1
8.743,3,1
8.744,3,1
8.745,3,1
8.746,3,1
8.747,3,1
8.748,3,1
8.749,3,1
8.75,3,1
8.751,3,1
8.752,3,1
8.753,3,1
8.754,3,1
8.755,3,1
8.756,3,1
8.757,3,1
8.758,3,1
8.759,3,1
8.76,3,1
8.761,3,1
8.762,3,1
8.763,3,1
8.764,3,1
8.765,3,1
8.766,3,1
8.767,3,1
8.768,3,1
8.769,3,1
8.77,3,1
8.771,3,1
8.772,3,1
8.773,3,1
8.774,3,1
8.775,3,1
8.776,3,1
8.777,3,1
8.778,3,1
8.779,3,1
8.78,3,1
8.781,3,1
8.782,3,1
8.783,3,1
8.784,3,1
8.785,3,1
8.786,3,1
8.787,3,1
8.788,3,1
8.789,3,1
8.79,3,1
8.791,3,1
8.792,3,1
8.793,3,1
8.794,3,1
8.795,3,1
8.796,3,1
8.797,3,1
8.798,3,1
8.799,3,1
8.8,3,1
8.801,3,1
8.802,3,1
8.803,3,1
8.804,3,1
8.805,3,1
8.806,3,1
8.807,3,1
8.808,3,1
8.809,3,1
8.81,3,1
8.811,3,1
8.812,3,1
8.813,3,1
8.814,3,1
8.815,3,1
8.816,3,1
8.817,3,1
8.818,3,1
8.819,3,1
8.82,3,1
8.821,3,1
8.822,3,1
8.823,3,1
8.824,3,1
8.825,3,1
8.826,3,1
8.827,3,1
8.828,3,1
8.829,3,1
8.83,3,1
8.831,3,1
8.832,3,1
8.833,3,1
8.834,3,1
8.835,3,1
8.836,3,1
8.837,3,1
8.838,3,1
8.839,3,1
8.84,3,1
8.841,3,1
8.842,3,1
8.843,3,1
8.844,3,1
8.845,3,1
8.846,3,1
8.847,3,1
8.848,3,1
8.849,3,1
8.85,3,1
8.851,3,1
8.852,3,1
8.853,3,1
8.854,3,1
8.855,3,1
8.856,3,1
8.857,3,1
8.858,3,1
8.859,3,1
8.86,3,1
8.861,3,1
8.862,3,1
8.863,3,1
8.864,3,1
8.865,3,1
8.866,3,1
8.867,3,1
8.868,3,1
8.869,3,1
8.87,3,1
8.871,3,1
8.872,3,1
8.873,3,1
8.874,3,1
8.875,3,1
8.876,3,1
8.877,3,1
8.878,3,1
8.879,3,1
8.88,3,1
8.881,3,1
8.882,3,1
8.883,3,1
8.884,3,1
8.885,3,1
8.886,3,1
8.887,3,1
8.888,3,1
8.889,3,1
8.89,3,1
8.891,3,1
8.892,3,1
8.893,3,1
8.894,3,1
8.895,3,1
8.896,3,1
8.897,3,1
8.898,3,1
8.899,3,1
8.9,3,1
8.901,3,1
8.902,3,1
8.903,3,1
8.904,3,1
8.905,3,1
8.906,3,1
8.907,3,1
8.908,3,1
8.909,3,1
8.91,3,1
8.911,3,1
8.912,3,1
8.913,3,1
8.914,3,1
8.915,3,1
8.916,3,1
8.917,3,1
8.918,3,1
8.919,3,1
8.92,3,1
8.921,3,1
8.922,3,1
8.923,3,1
8.924,3,1
8.925,3,1
8.926,3,1
8.927,3,1
8.928,3,1
8.929,3,1
8.93,3,1
8.931,3,1
8.932,3,1
8.933,3,1
8.934,3,1
8.935,3,1
8.936,3,1
8.937,3,1
8.938,3,1
8.939,3,1
8.94,3,1
8.941,3,1
8.942,3,1
8.943,3,1
8.944,3,1
8.945,3,1
8.946,3,1
8.947,3,1
8.948,3,1
8.949,3,1
8.95,3,1
8.951,3,1
8.952,3,1
8.953,3,1
8.954,3,1
8.955,3,1
8.956,3,1
8.957,3,1
8.958,3,1
8.959,3,1
8.96,3,1
8.961,3,1
8.962,3,1
8.963,3,1
8.964,3,1
8.965,3,1
8.966,3,1
8.967,3,1
8.968,3,1
8.969,3,1
8.97,3,1
8.971,3,1
8.972,3,1
8.973,3,1
8.974,3,1
8.975,3,1
8.976,3,1
8.977,3,1
8.978,3,1
8.979,3,1
8.98,3,1
8.981,3,1
8.982,3,1
8.983,3,1
8.984,3,1
8.985,3,1
8.986,3,1
8.987,3,1
8.988,3,1
8.989,3,1
8.99,3,1
8.991,3,1
8.992,3,1
8.993,3,1
8.994,3,1
8.995,3,1
8.996,3,1
8.997,3,1
8.998,3,1
8.999,3,1
9,3,1
9.001,3,1
9.002,3,1
9.003,3,1
9.004,3,1
9.005,3,1
9.006,3,1
9.007,3,1
9.008,3,1
9.009,3,1
9.01,3,1
9.011,3,1
9.012,3,1
9.013,3,1
9.014,3,1
9.015,3,1
9.016,3,1
9.017,3,1
9.018,3,1
9.019,3,1
9.02,3,1
9.021,3,1
9.022,3,1
9.023,3,1
9.024,1,1
9.025,1,1
9.026,1,1
9.027,1,1
9.028,1,1
9.029,1,1
9.03,1,1
9.031,1,1
9.032,1,1
9.033,1,1
9.034,1,1
9.035,1,1
9.036,1,1
9.037,1,1
9.038,1,1
9.039,1,1
9.04,1,1
9.041,1,1
9.042,1,1
9.043,1,1
9.044,1,1
9.045,1,1
9.046,1,1
9.047,1,1
9.048,1,1
9.049,1,1
9.05,1,1
9.051,1,1
9.052,1,1
9.053,1,1
9.054,1,1
9.055,1,1
9.056,1,1
9.057,1,1
9.058,1,1
9.059,1,1
9.06,1,1
9.061,1,1
9.062,1,1
9.063,1,1
9.064,1,1
9.065,1,1
9.066,1,1
9.067,1,1
9.068,1,1
9.069,1,1
9.07,1,1
9.071,1,1
9.072,1,1
9.073,1,1
9.074,1,1
9.075,1,1
9.076,1,1
9.077,1,1
9.078,1,1
9.079,1,1
9.08,1,1
9.081,1,1
9.082,1,1
9.083,1,1
9.084,1,1
9.085,1,1
9.086,1,1
9.087,1,1
9.088,1,1
9.089,1,1
9.09,1,1
9.091,1,1
9.092,1,1
9.093,1,1
9.094,1,1
9.095,1,1
9.096,1,1
9.097,1,1
9.098,1,1
9.099,1,1
9.1,1,1
9.101,1,1
9.102,1,1
9.103,1,1
9.104,1,1
9.105,1,1
9.106,1,1
9.107,1,1
9.108,1,1
9.109,1,1
9.11,1,1
9.111,1,1
9.112,1,1
9.113,1,1
9.114,1,1
9.115,1,1
9.116,1,1
9.117,1,1
9.118,1,1
9.119,1,1
9.12,1,1
9.121,1,1
9.122,1,1
9.123,1,1
9.124,1,1
9.125,1,1
9.126,1,1
9.127,1,1
9.128,1,1
9.129,1,1
9.13,1,1
9.131,1,1
9.132,1,1
9.133,1,1
9.134,1,1
9.135,1,1
9.136,1,1
9.137,1,1
9.138,1,1
9.139,1,1
9.14,1,1
9.141,1,1
9.142,1,1
9.143,1,1
9.144,1,1
9.145,1,1
9.146,1,1
9.147,1,1
9.148,1,1
9.149,1,1
9.15,1,1
9.151,1,1
9.152,1,1
9.153,1,1
9.154,1,1
9.155,1,1
9.156,1,1
9.157,1,1
9.158,1,1
9.159,1,1
9.16,1,1
9.161,1,1
9.162,1,1
9.163,1,1
9.164,1,1
9.165,1,1
9.166,1,1
9.167,1,1
9.168,1,1
9.169,1,1
9.17,1,1
9.171,1,1
9.172,1,1
9.173,1,1
9.174,1,1
9.175,1,1
9.176,1,1
9.177,1,1
9.178,1,1
9.179,1,1
9.18,1,1
9.181,1,1
9.182,1,1
9.183,1,1
9.184,1,1
9.185,1,1
9.186,1,1
9.187,1,1
9.188,1,1
9.189,1,1
9.19,1,1
9.191,1,1
9.192,1,1
9.193,1,1
9.194,1,1
9.195,1,1
9.196,1,1
9.197,1,1
9.198,1,1
9.199,1,1
9.2,1,1
9.201,1,1
9.202,1,1
9.203,1,1
9.204,1,1
9.205,1,1
9.206,1,1
9.207,1,1
9.208,1,1
9.209,1,1
9.21,1,1
9.211,1,1
9.212,1,1
9.213,1,1
9.214,1,1
9.215,1,1
9.216,1,1
9.217,1,1
9.218,1,1
9.219,1,1
9.22,1,1
9.221,1,1
9.222,1,1
9.223,1,1
9.224,1,1
9.225,1,1
9.226,1,1
9.227,1,1
9.228,1,1
9.229,1,1
9.23,1,1
9.231,1,1
9.232,1,1
9.233,1,1
9.234,1,1
9.235,1,1
9.236,1,1
9.237,1,1
9.238,1,1
9.239,1,1
9.24,1,1
9.241,1,1
9.242,1,1
9.243,1,1
9.244,1,1
9.245,1,1
9.246,1,1
9.247,1,1
9.248,1,1
9.249,1,1
9.25,1,1
9.251,1,1
9.252,1,1
9.253,1,1
9.254,1,1
9.255,1,1
9.256,1,1
9.257,1,1
9.258,1,1
9.259,1,1
9.26,1,1
9.261,1,1
9.262,1,1
9.263,1,1
9.264,1,1
9.265,1,1
9.266,1,1
9.267,1,1
9.268,1,1
9.269,1,1
9.27,1,1
9.271,1,1
9.272,1,1
9.273,1,1
9.274,1,1
9.275,1,1
9.276,1,1
9.277,1,1
9.278,1,1
9.279,1,1
9.28,1,1
9.281,1,1
9.282,1,1
9.283,1,1
9.284,1,1
9.285,1,1
9.286,1,1
9.287,1,1
9.288,1,1
9.289,1,1
9.29,1,1
9.291,1,1
9.292,1,1
9.293,1,1
9.294,1,1
9.295,1,1
9.296,1,1
9.297,1,1
9.298,1,1
9.299,1,1
9.3,1,1
9.301,1,1
9.302,1,1
9.303,1,1
9.304,1,1
9.305,1,1
9.306,1,1
9.307,1,1
9.308,1,1
9.309,1,1
9.31,1,1
9.311,1,1
9.312,1,1
9.313,1,1
9.314,1,1
9.315,1,1
9.316,1,1
9.317,1,1
9.318,1,1
9.319,1,1
9.32,1,1
9.321,1,1
9.322,1,1
9.323,1,1
9.324,1,1
9.325,1,1
9.326,1,1
9.327,1,1
9.328,1,1
9.329,1,1
9.33,1,1
9.331,1,1
9.332,1,1
9.333,1,1
9.334,1,1
9.335,1,1
9.336,1,1
9.337,1,1
9.338,1,1
9.339,1,1
9.34,1,1
9.341,1,1
9.342,1,1
9.343,1,1
9.344,1,1
9.345,1,1
9.346,1,1
9.347,1,1
9.348,1,1
9.349,1,1
9.35,1,1
9.351,3,1
9.352,3,1
9.353,3,1
9.354,3,1
9.355,3,1
9.356,3,1
9.357,3,1
9.358,3,1
9.359,3,1
9.36,3,1
9.361,3,1
9.362,3,1
9.363,3,1
9.364,3,1
9.365,3,1
9.366,3,1
9.367,3,1
9.368,3,1
9.369,3,1
9.37,3,1
9.371,3,1
9.372,3,1
9.373,3,1
9.374,3,1
9.375,3,1
9.376,3,1
9.377,3,1
9.378,3,1
9.379,3,1
9.38,3,1
9.381,3,1
9.382,3,1
9.383,3,1
9.384,3,1
9.385,3,1
9.386,3,1
9.387,3,1
9.388,3,1
9.389,3,1
9.39,3,1
9.391,3,1
9.392,3,1
9.393,3,1
9.394,3,1
9.395,3,1
9.396,3,1
9.397,3,1
9.398,3,1
9.399,3,1
9.4,3,1
9.401,3,1
9.402,3,1
9.403,3,1
9.404,3,1
9.405,3,1
9.406,3,1
9.407,3,1
9.408,3,1
9.409,3,1
9.41,3,1
9.411,3,1
9.412,3,1
9.413,3,1
9.414,3,1
9.415,3,1
9.416,3,1
9.417,3,1
9.418,3,1
9.419,3,1
9.42,3,1
9.421,3,1
9.422,3,1
9.423,3,1
9.424,3,1
9.425,3,1
9.426,3,1
9.427,3,1
9.428,3,1
9.429,3,1
9.43,3,1
9.431,3,1
9.432,3,1
9.433,3,1
9.434,3,1
9.435,3,1
9.436,3,1
9.437,3,1
9.438,3,1
9.439,3,1
9.44,3,1
9.441,3,1
9.442,3,1
9.443,3,1
9.444,3,1
9.445,3,1
9.446,3,1
9.447,3,1
9.448,3,1
9.449,3,1
9.45,3,1
9.451,3,1
9.452,3,1
9.453,3,1
9.454,3,1
9.455,3,1
9.456,3,1
9.457,3,1
9.458,3,1
9.459,3,1
9.46,3,1
9.461,3,1
9.462,3,1
9.463,3,1
9.464,3,1
9.465,3,1
9.466,3,1
9.467,3,1
9.468,3,1
9.469,3,1
9.47,3,1
9.471,3,1
9.472,3,1
9.473,3,1
9.474,3,1
9.475,3,1
9.476,3,1
9.477,3,1
9.478,3,1
9.479,3,1
9.48,3,1
9.481,3,1
9.482,3,1
9.483,3,1
9.484,3,1
9.485,3,1
9.486,3,1
9.487,3,1
9.488,3,1
9.489,3,1
9.49,3,1
9.491,3,1
9.492,3,1
9.493,3,1
9.494,3,1
9.495,3,1
9.496,3,1
9.497,3,1
9.498,3,1
9.499,3,1
9.5,3,1
9.501,3,1
9.502,3,1
9.503,3,1
9.504,3,1
9.505,3,1
9.506,3,1
9.507,3,1
9.508,3,1
9.509,3,1
9.51,3,1
9.511,3,1
9.512,3,1
9.513,3,1
9.514,3,1
9.515,3,1
9.516,3,1
9.517,3,1
9.518,3,1
9.519,3,1
9.52,3,1
9.521,3,1
9.522,3,1
9.523,3,1
9.524,3,1
9.525,3,1
9.526,3,1
9.527,3,1
9.528,3,1
9.529,3,1
9.53,3,1
9.531,3,1
9.532,3,1
9.533,3,1
9.534,3,1
9.535,3,1
9.536,3,1
9.537,3,1
9.538,3,1
9.539,3,1
9.54,3,1
9.541,3,1
9.542,3,1
9.543,3,1
9.544,3,1
9.545,3,1
9.546,3,1
9.547,3,1
9.548,3,1
9.549,3,1
9.55,3,1
9.551,3,1
9.552,3,1
9.553,3,1
9.554,3,1
9.555,3,1
9.556,3,1
9.557,3,1
9.558,3,1
9.559,3,1
9.56,3,1
9.561,3,1
9.562,3,1
9.563,3,1
9.564,3,1
9.565,3,1
9.566,3,1
9.567,3,1
9.568,3,1
9.569,3,1
9.57,3,1
9.571,3,1
9.572,3,1
9.573,3,1
9.574,3,1
9.575,3,1
9.576,3,1
9.577,3,1
9.578,3,1
9.579,3,1
9.58,3,1
9.581,3,1
9.582,3,1
9.583,3,1
9.584,3,1
9.585,3,1
9.586,3,1
9.587,3,1
9.588,3,1
9.589,3,1
9.59,3,1
9.591,3,1
9.592,3,1
9.593,3,1
9.594,3,1
9.595,3,1
9.596,3,1
9.597,3,1
9.598,3,1
9.599,3,1
9.6,3,1
9.601,3,1
9.602,3,1
9.603,3,1
9.604,3,1
9.605,3,1
9.606,3,1
9.607,3,1
9.608,3,1
9.609,3,1
9.61,3,1
9.611,3,1
9.612,3,1
9.613,3,1
9.614,3,1
9.615,3,1
9.616,3,1
9.617,3,1
9.618,3,1
9.619,3,1
9.62,3,1
9.621,3,1
9.622,3,1
9.623,3,1
9.624,3,1
9.625,3,1
9.626,3,1
9.627,3,1
9.628,3,1
9.629,3,1
9.63,3,1
9.631,3,1
9.632,3,1
9.633,3,1
9.634,3,1
9.635,3,1
9.636,3,1
9.637,3,1
9.638,3,1
9.639,3,1
9.64,3,1
9.641,3,1
9.642,3,1
9.643,3,1
9.644,3,1
9.645,3,1
9.646,3,1
9.647,3,1
9.648,3,1
9.649,3,1
9.65,3,1
9.651,3,1
9.652,3,1
9.653,3,1
9.654,3,1
9.655,3,1
9.656,3,1
9.657,3,1
9.658,3,1
9.659,3,1
9.66,3,1
9.661,3,1
9.662,3,1
9.663,3,1
9.664,3,1
9.665,3,1
9.666,3,1
9.667,3,1
9.668,3,1
9.669,3,1
9.67,3,1
9.671,3,1
9.672,3,1
9.673,3,1
9.674,3,1
9.675,3,1
9.676,3,1
9.677,3,1
9.678,3,1
9.679,3,1
9.68,3,1
9.681,3,1
9.682,3,1
9.683,3,1
9.684,3,1
9.685,3,1
9.686,3,1
9.687,3,1
9.688,3,1
9.689,3,1
9.69,3,1
9.691,3,1
9.692,3,1
9.693,3,1
9.694,3,1
9.695,3,1
9.696,3,1
9.697,3,1
9.698,3,1
9.699,3,1
9.7,3,1
9.701,3,1
9.702,3,1
9.703,3,1
9.704,3,1
9.705,3,1
9.706,3,1
9.707,3,1
9.708,3,1
9.709,3,1
9.71,3,1
9.711,3,1
9.712,3,1
9.713,3,1
9.714,3,1
9.715,3,1
9.716,3,1
9.717,3,1
9.718,3,1
9.719,3,1
9.72,3,1
9.721,3,1
9.722,3,1
9.723,3,1
9.724,3,1
9.725,3,1
9.726,3,1
9.727,3,1
9.728,3,1
9.729,3,1
9.73,3,1
9.731,3,1
9.732,3,1
9.733,3,1
9.734,3,1
9.735,3,1
9.736,3,1
9.737,3,1
9.738,3,1
9.739,3,1
9.74,3,1
9.741,3,1
9.742,3,1
9.743,3,1
9.744,3,1
9.745,3,1
9.746,3,1
9.747,3,1
9.748,3,1
9.749,3,1
9.75,3,1
9.751,3,1
9.752,3,1
9.753,3,1
9.754,3,1
9.755,3,1
9.756,3,1
9.757,3,1
9.758,3,1
9.759,3,1
9.76,3,1
9.761,3,1
9.762,3,1
9.763,3,1
9.764,3,1
9.765,3,1
9.766,3,1
9.767,3,1
9.768,3,1
9.769,3,1
9.77,3,1
9.771,3,1
9.772,3,1
9.773,3,1
9.774,3,1
9.775,3,1
9.776,3,1
9.777,3,1
9.778,3,1
9.779,3,1
9.78,3,1
9.781,3,1
9.782,3,1
9.783,3,1
9.784,3,1
9.785,3,1
9.786,3,1
9.787,3,1
9.788,3,1
9.789,3,1
9.79,3,1
9.791,3,1
9.792,3,1
9.793,3,1
9.794,3,1
9.795,3,1
9.796,3,1
9.797,3,1
9.798,3,1
9.799,3,1
9.8,3,1
9.801,3,1
9.802,3,1
9.803,3,1
9.804,3,1
9.805,3,1
9.806,3,1
9.807,3,1
9.808,3,1
9.809,3,1
9.81,3,1
9.811,3,1
9.812,3,1
9.813,3,1
9.814,3,1
9.815,3,1
9.816,3,1
9.817,3,1
9.818,3,1
9.819,3,1
9.82,3,1
9.821,3,1
9.822,3,1
9.823,3,1
9.824,3,1
9.825,3,1
9.826,3,1
9.827,3,1
9.828,3,1
9.829,3,1
9.83,3,1
9.831,3,1
9.832,3,1
9.833,3,1
9.834,3,1
9.835,3,1
9.836,3,1
9.837,3,1
9.838,3,1
9.839,3,1
9.84,3,1
9.841,3,1
9.842,3,1
9.843,3,1
9.844,3,1
9.845,3,1
9.846,3,1
9.847,3,1
9.848,3,1
9.849,3,1
9.85,3,1
9.851,3,1
9.852,3,1
9.853,3,1
9.854,3,1
9.855,3,1
9.856,3,1
9.857,3,1
9.858,3,1
9.859,3,1
9.86,3,1
9.861,3,1
9.862,3,1
9.863,3,1
9.864,3,1
9.865,3,1
9.866,3,1
9.867,3,1
9.868,3,1
9.869,3,1
9.87,3,1
9.871,3,1
9.872,3,1
9.873,3,1
9.874,3,1
9.875,3,1
9.876,3,1
9.877,3,1
9.878,3,1
9.879,3,1
9.88,3,1
9.881,3,1
9.882,3,1
9.883,3,1
9.884,3,1
9.885,3,1
9.886,3,1
9.887,3,1
9.888,3,1
9.889,3,1
9.89,3,1
9.891,3,1
9.892,3,1
9.893,3,1
9.894,3,1
9.895,3,1
9.896,3,1
9.897,3,1
9.898,3,1
9.899,3,1
9.9,3,1
9.901,3,1
9.902,3,1
9.903,3,1
9.904,3,1
9.905,3,1
9.906,3,1
9.907,3,1
9.908,3,1
9.909,3,1
9.91,3,1
9.911,3,1
9.912,3,1
9.913,3,1
9.914,3,1
9.915,3,1
9.916,3,1
9.917,3,1
9.918,3,1
9.919,3,1
9.92,3,1
9.921,3,1
9.922,3,1
9.923,3,1
9.924,3,1
9.925,3,1
9.926,3,1
9.927,3,1
9.928,3,1
9.929,3,1
9.93,3,1
9.931,3,1
9.932,3,1
9.933,3,1
9.934,3,1
9.935,3,1
9.936,3,1
9.937,3,1
9.938,3,1
9.939,3,1
9.94,3,1
9.941,3,1
9.942,3,1
9.943,3,1
9.944,3,1
9.945,3,1
9.946,3,1
9.947,3,1
9.948,3,1
9.949,3,1
9.95,3,1
9.951,3,1
9.952,3,1
9.953,3,1
9.954,3,1
9.955,3,1
9.956,3,1
9.957,3,1
9.958,3,1
9.959,3,1
9.96,3,1
9.961,3,1
9.962,3,1
9.963,3,1
9.964,3,1
9.965,3,1
9.966,3,1
9.967,3,1
9.968,3,1
9.969,3,1
9.97,3,1
9.971,3,1
9.972,3,1
9.973,3,1
9.974,3,1
9.975,3,1
9.976,3,1
9.977,3,1
9.978,3,1
9.979,3,1
9.98,3,1
